"id","address","state","stage","notes","created_date","modified_date","priority","country_id","org_id","proposal_sent_date","is_lite"
2110491936,-,QLD,0,,2025-11-01 00:00:28.597,2025-11-01 00:29:39.543,2,14,523260,2025-11-01 00:29:56.818,1
2110502520,-,BE,0,,2025-11-01 00:00:46.012,2025-11-01 01:28:19.076,2,83,75126723,,0
2110507812,-,ACT,0,,2025-11-01 00:00:59.914,2025-11-18 10:38:15.463,2,14,13915737,2025-11-02 12:04:02.539,0
2110518396,-,WA,0,,2025-11-01 00:01:18.839,2025-11-01 09:45:05.479,2,14,113236941,,0
2110528980,-,VIC,0,,2025-11-01 00:01:57.850,2025-11-01 00:31:07.729,2,14,40522135,,0
2110534272,-,CO,0,,2025-11-01 00:02:24.129,2025-11-01 00:36:02.812,2,234,129744200,2025-11-01 00:20:52.472,0
2110539564,-,TX,0,,2025-11-01 00:02:28.521,2025-11-05 20:12:33.803,2,234,26579202,2025-11-05 20:12:33.886,0
2110555440,demo,CA,0,,2025-11-01 00:02:56.113,2025-11-01 00:03:00.478,2,234,76647675,,0
2110560732,-,QLD,0,,2025-11-01 00:02:59.524,2025-11-01 02:03:05.707,2,14,578081,2025-11-01 01:31:30.093,0
2110566024,-,BW,0,,2025-11-01 00:03:15.946,2025-11-06 14:16:55.267,2,83,23458754,,0
2110581900,-,QLD,0,,2025-11-01 00:04:34.273,2025-11-03 03:15:59.149,2,14,5220425,2025-11-01 00:32:38.745,0
2110587192,-,ACT,0,,2025-11-01 00:05:07.364,2025-11-05 04:26:24.284,2,14,3796393,2025-11-05 04:24:44.186,0
2110597776,-,GA,0,,2025-11-01 00:05:44.305,2025-11-01 01:24:49.003,1,234,48483175,2025-11-01 01:24:49.111,0
2110603068,-,NSW,0,,2025-11-01 00:05:58.473,2025-11-12 01:28:27.782,2,14,59518124,2025-11-01 00:14:01.529,1
2110608360,-,QLD,0,,2025-11-01 00:05:59.766,2025-11-01 00:15:30.806,2,14,38408500,2025-11-01 00:12:16.911,1
2110613652,-,Victoria,0,-,2025-11-01 00:06:14.931,2025-11-03 05:47:21.644,2,14,3569665,2025-11-03 05:47:21.578,0
2110618944,-,CA,0,,2025-11-01 00:06:17.716,2025-11-01 00:06:17.786,2,234,47955950,,0
2110629528,-,QLD,0,,2025-11-01 00:06:54.903,2025-11-03 00:57:03.066,2,14,820080,2025-11-01 00:24:53.355,0
2110634820,-,CA,0,,2025-11-01 00:07:46.638,2025-11-01 00:07:46.694,2,234,24009650,,0
2110640112,-,CA,0,,2025-11-01 00:07:48.270,2025-11-04 20:08:34.056,2,234,58621915,,0
2110650696,-,NSW,0,,2025-11-01 00:08:31.573,2025-11-01 00:09:08.615,2,14,1840478,,1
2110671864,-,NSW,0,,2025-11-01 00:09:14.504,2025-11-06 22:37:25.492,2,14,1777969,2025-11-01 00:13:55.714,0
2110677156,-,NSW,0,,2025-11-01 00:09:46.685,2025-11-01 00:13:12.582,2,14,3413624,,1
2110682448,-,GA,0,,2025-11-01 00:10:06.624,2025-11-01 13:11:01.647,2,234,37805102,2025-11-01 00:35:02.354,0
2110698324,-,VIC,0,,2025-11-01 00:11:10.135,2025-11-01 00:14:27.336,2,14,134881995,,0
2110714200,-,VIC,0,,2025-11-01 00:11:37.640,2025-11-01 00:24:46.177,2,14,63875660,2025-11-01 00:24:46.277,0
2110719492,-,NSW,0,,2025-11-01 00:11:59.281,2025-11-01 00:11:59.466,2,14,7965945,,1
2110730076,-,Hawke's Bay Region,0,,2025-11-01 00:13:07.166,2025-11-01 00:13:07.827,2,157,80672378,,0
2110735368,-,WA,0,,2025-11-01 00:13:07.572,2025-11-17 07:28:16.290,2,14,374544,2025-11-20 08:32:25.918,1
2110740660,-,GA,0,,2025-11-01 00:13:31.748,2025-11-01 20:53:25.779,2,234,18930638,2025-11-01 00:20:16.825,0
2110745952,-,NJ,0,,2025-11-01 00:13:39.272,2025-11-06 15:36:41.358,2,234,28666022,,0
2110756536,-,CA,0,,2025-11-01 00:13:49.537,2025-11-01 00:24:51.461,2,234,10638260,2025-11-01 00:24:51.869,0
2110761828,-,SA,0,,2025-11-01 00:14:36.850,2025-11-03 05:56:04.114,2,14,1489914,,1
2110772412,-,NSW,0,,2025-11-01 00:14:44.811,2025-11-03 03:36:35.140,2,14,7497765,2025-11-01 08:22:50.530,0
2110777704,-,QLD,0,,2025-11-01 00:14:54.961,2025-11-01 01:06:14.610,2,14,16634025,2025-11-01 01:04:08.554,0
2110782996,-,NSW,0,,2025-11-01 00:15:27.871,2025-11-18 23:05:54.944,2,14,6258025,,0
2110793580,-,NSW,0,,2025-11-01 00:15:59.956,2025-11-01 02:46:26.584,2,14,53747659,2025-11-01 01:07:56.788,0
2110798872,-,NRW,0,,2025-11-01 00:16:04.256,2025-11-01 21:01:42.907,2,83,113771297,2025-11-01 21:01:43.001,0
2110814748,-,NSW,0,,2025-11-01 00:16:45.046,2025-11-01 00:16:45.111,2,14,34681460,,0
2110830624,demo,NSW,0,,2025-11-01 00:17:25.133,2025-11-01 00:17:29.342,2,14,24343022,,0
2110841208,-,QLD,0,,2025-11-01 00:17:38.865,2025-11-18 00:38:53.693,2,14,17671625,2025-11-01 00:42:54.434,0
2110851792,-,NSW,0,,2025-11-01 00:18:34.333,2025-11-01 02:30:39.188,2,14,42646580,,0
2110857084,-,SA,0,,2025-11-01 00:18:40.710,2025-11-01 00:48:54.824,2,14,59518124,2025-11-12 05:17:30.579,1
2110862376,-,NSW,0,,2025-11-01 00:18:48.249,2025-11-01 00:21:59.806,2,14,20987245,,1
2110872960,-,Canterbury Region,0,,2025-11-01 00:19:30.413,2025-11-01 07:42:02.739,2,157,54261559,,0
2110883544,-,,0,,2025-11-01 00:21:05.826,2025-11-01 00:21:06.520,2,232,3788824,,0
2110894128,-,CA,0,,2025-11-01 00:21:18.941,2025-11-04 00:08:43.862,2,234,10638260,2025-11-01 20:26:41.743,0
2110899420,-,VIC,0,,2025-11-01 00:21:37.589,2025-11-01 00:21:37.648,2,14,64533840,,0
2110904712,-,NSW,0,,2025-11-01 00:21:53.308,2025-11-01 00:29:21.549,2,14,448902,,1
2110920588,-,VIC,0,,2025-11-01 00:24:21.479,2025-11-03 04:15:19.281,2,14,2541255,2025-11-01 00:32:23.864,0
2110925880,-,CA,0,-,2025-11-01 00:24:47.734,2025-11-01 00:24:47.988,2,234,7550637,,0
2110931172,-,QLD,0,,2025-11-01 00:25:38.496,2025-11-01 00:25:38.560,2,14,29837487,,0
2110947048,-,NSW,0,,2025-11-01 00:26:15.934,2025-11-01 02:54:14.269,2,14,1033950,,0
2110962924,-,NSW,0,,2025-11-01 00:30:14.251,2025-11-01 00:30:14.316,2,14,16096180,,0
2110968216,-,County Kildare,0,-,2025-11-01 00:31:10.843,2025-11-01 00:31:14.473,2,107,24203319,,0
2110973508,-,Wellington Region,0,,2025-11-01 00:31:49.979,2025-11-03 02:46:22.527,2,157,3917824,,0
2110978800,-,NSW,0,,2025-11-01 00:32:07.947,2025-11-01 00:32:08.132,2,14,2270688,,1
2110984092,-,AZ,0,,2025-11-01 00:32:19.926,2025-11-01 00:32:20.153,2,234,15489720,,0
2110989384,demo,CA,0,,2025-11-01 00:32:35.047,2025-11-01 00:32:38.453,2,234,28366803,,0
2110994676,demo,CA,0,,2025-11-01 00:32:39.336,2025-11-01 00:32:42.946,2,234,20319483,,0
2111005260,-,NSW,0,,2025-11-01 00:33:16.416,2025-11-01 01:04:37.197,2,14,45362688,,1
2111015844,-,NSW,0,,2025-11-01 00:33:40.106,2025-11-01 00:36:18.877,2,14,67972341,,0
2111021136,-,QLD,0,,2025-11-01 00:34:43.733,2025-11-01 00:34:43.832,2,14,67354658,,0
2111026428,-,England,0,,2025-11-01 00:35:45.531,2025-11-07 19:35:23.912,2,232,35403548,,0
2111031720,-,QLD,0,,2025-11-01 00:36:02.044,2025-11-13 02:42:33.446,2,14,408611,2025-11-01 00:59:18.471,0
2111042304,-,VIC,0,,2025-11-01 00:37:13.176,2025-11-01 00:42:31.434,2,14,6258025,2025-11-01 00:42:31.394,0
2111047596,-,VIC,0,,2025-11-01 00:37:45.712,2025-11-21 03:16:52.032,1,14,26754172,2025-11-01 00:41:40.888,0
2111052888,-,MO,0,,2025-11-01 00:37:59.947,2025-11-02 03:09:51.398,2,234,28366803,,0
2111063472,-,IN,0,,2025-11-01 00:39:25.005,2025-11-18 19:24:44.683,2,234,24993332,,0
2111074056,-,NSW,0,,2025-11-01 00:40:26.076,2025-11-10 03:28:16.125,2,14,70265547,,0
2111089932,-,UT,0,,2025-11-01 00:44:41.247,2025-11-01 00:46:42.611,2,234,23436248,,0
2111095224,-,NSW,0,,2025-11-01 00:44:44.665,2025-11-07 00:22:10.465,2,14,1489914,2025-11-07 00:24:43.602,1
2111100516,-,VIC,0,,2025-11-01 00:44:47.904,2025-11-01 00:44:47.969,2,14,36529155,,0
2111105808,-,NSW,0,,2025-11-01 00:44:52.827,2025-11-01 01:05:12.322,2,14,969408,,1
2111111100,-,VIC,0,,2025-11-01 00:44:55.034,2025-11-21 03:13:55.932,2,14,45721682,2025-11-01 00:58:07.130,0
2111116392,-,จ.นคาปฐม,0,,2025-11-01 00:44:57.096,2025-11-01 01:44:43.100,2,217,100912845,2025-11-01 00:49:06.830,0
2111126976,-,NSW,0,,2025-11-01 00:45:57.382,2025-11-11 01:56:54.962,2,14,116042784,,0
2111132268,-,New South Wales,0,,2025-11-01 00:46:06.191,2025-11-01 00:46:06.411,2,14,3796393,,0
2111137560,-,CA,0,,2025-11-01 00:47:47.310,2025-11-01 00:47:47.408,2,234,12973041,,0
2111148144,-,VIC,0,,2025-11-01 00:48:10.875,2025-11-17 02:56:02.264,2,14,2125680,2025-11-17 02:55:21.656,0
2111153436,-,Western Division,0,-,2025-11-01 00:48:18.889,2025-11-12 22:03:03.881,2,74,58353842,2023-10-24 11:04:05.617,0
2111158728,-,England,0,,2025-11-01 00:48:28.779,2025-11-01 16:51:40.553,2,232,90459837,2025-11-01 01:14:00.740,0
2111164020,,QLD,0,,2025-11-01 00:48:55.029,2025-11-05 04:25:01.780,2,14,622280,2025-11-05 03:20:21.906,0
2111169312,-,SA,0,,2025-11-01 00:49:01.069,2025-11-01 00:58:10.029,2,14,523260,,1
2111179896,-,VIC,0,,2025-11-01 00:49:47.332,2025-11-01 00:49:47.653,2,14,409450,,0
2111190480,-,VIC,0,,2025-11-01 00:51:55.492,2025-11-07 02:19:02.356,3,14,4220505,2025-11-01 08:19:06.885,0
2111216940,-,ACT,0,,2025-11-01 00:55:22.149,2025-11-02 21:19:51.300,2,14,590470,,0
2111222232,-,NSW,0,,2025-11-01 00:55:46.754,2025-11-01 00:55:46.889,2,14,21044755,,1
2111227524,-,NSW,0,,2025-11-01 00:56:18.182,2025-11-01 01:13:44.953,2,14,523260,,1
2111232816,-,NSW,0,,2025-11-01 00:57:30.033,2025-11-01 01:04:47.765,2,14,374544,,1
2111238108,,Yangon Region,0,,2025-11-01 00:57:58.227,2025-11-01 01:16:55.937,2,37,20319685,,0
2111243400,-,QLD,0,,2025-11-01 00:59:14.516,2025-11-01 02:18:39.160,2,14,1456120,2025-11-01 02:18:39.344,0
2111248692,,Calabarzon,0,,2025-11-01 00:59:43.757,2025-11-01 00:59:43.977,2,173,36414847,,0
2111253984,-,WA,0,,2025-11-01 00:59:53.698,2025-11-01 01:00:11.280,2,14,90604641,,0
2111259276,-,TAS,0,,2025-11-01 01:01:34.883,2025-11-01 01:01:35.214,2,14,4574080,,0
2111264568,-,NSW,0,,2025-11-01 01:02:00.400,2025-11-01 01:29:15.804,2,14,25341170,2025-11-01 01:29:16.775,0
2111275152,-,AB,0,,2025-11-01 01:03:29.753,2025-11-01 01:16:09.605,2,41,41408430,,0
2111280444,-,Canterbury Region,0,,2025-11-01 01:04:56.684,2025-11-01 01:05:30.684,2,157,1315840,,0
2111285736,-,QLD,0,,2025-11-01 01:05:03.730,2025-11-01 01:07:09.679,2,14,3667889,,0
2111291028,-,WA,0,,2025-11-01 01:05:34.214,2025-11-01 01:12:41.595,2,14,895050,,1
2111312196,-,SA,0,,2025-11-01 01:07:54.092,2025-11-01 01:07:54.155,2,14,10082,,0
2111317488,-,QLD,0,,2025-11-01 01:08:34.031,2025-11-01 01:12:04.228,2,14,1415556,,1
2111322780,-,Canterbury Region,0,,2025-11-01 01:08:35.963,2025-11-08 02:32:42.622,2,157,3150820,2025-11-03 02:18:37.031,0
2111328072,-,SA,0,,2025-11-01 01:09:02.396,2025-11-05 03:46:44.813,2,14,22010,2025-11-01 01:18:48.212,0
2111333364,-,QLD,0,,2025-11-01 01:09:19.070,2025-11-01 01:19:47.388,2,14,58937590,2025-11-01 01:19:47.480,0
2111338656,-,,0,,2025-11-01 01:09:28.856,2025-11-01 01:09:29.599,2,232,3788824,,0
2111343948,-,VIC,0,,2025-11-01 01:10:15.262,2025-11-17 11:51:59.767,2,14,105301,2025-11-06 00:49:50.444,0
2111354532,-,NY,0,,2025-11-01 01:11:42.183,2025-11-01 01:16:57.751,2,234,12210588,,0
2111370408,-,VIC,0,,2025-11-01 01:13:20.535,2025-11-01 03:50:43.925,2,14,1926430,2025-11-01 01:14:59.446,0
2111380992,-,WA,0,,2025-11-01 01:14:16.367,2025-11-01 01:37:52.735,2,14,1489914,,1
2111391576,-,QLD,0,,2025-11-01 01:17:16.612,2025-11-01 03:35:48.857,2,14,1075248,,1
2111418036,-,WA,0,,2025-11-01 01:18:32.142,2025-11-01 01:28:13.189,2,14,671976,,1
2111433912,-,New South Wales,0,,2025-11-01 01:20:39.769,2025-11-01 01:20:40.050,2,14,220866,,0
2111444496,-,NSW,0,,2025-11-01 01:21:01.335,2025-11-06 02:28:37.175,2,14,410541,2025-11-06 02:28:34.654,0
2111449788,-,ACT,0,,2025-11-01 01:21:28.078,2025-11-04 00:58:47.078,2,14,6007665,2025-11-01 02:26:59.319,0
2111455080,-,WA,0,,2025-11-01 01:21:38.311,2025-11-10 00:58:41.633,2,14,3479263,2025-11-10 00:59:04.660,1
2111465664,-,IE,0,-,2025-11-01 01:21:54.425,2025-11-01 01:21:57.828,2,,48342777,,0
2111476248,-,QLD,0,,2025-11-01 01:23:02.278,2025-11-04 07:49:37.708,2,14,7781648,2025-11-04 07:49:37.840,0
2111481540,-,WA,0,,2025-11-01 01:23:11.182,2025-11-01 02:23:54.883,2,14,2976446,2025-11-01 02:19:26.976,0
2111486832,-,VIC,0,,2025-11-01 01:24:35.231,2025-11-01 01:30:12.715,2,14,45724770,2025-11-01 01:30:12.797,0
2133054000,-,NSW,0,,2025-11-01 01:25:55.332,2025-11-01 01:36:06.274,2,14,267363,2025-11-01 01:36:06.408,0
2133064692,-,GA,0,,2025-11-01 01:26:30.009,2025-11-01 01:26:30.231,2,234,52506675,,0
2133070038,-,WA,0,,2025-11-01 01:28:11.723,2025-11-01 01:36:12.722,2,14,42191176,2025-11-01 01:36:12.857,0
2133075384,-,QLD,0,,2025-11-01 01:28:14.779,2025-11-01 01:33:28.406,2,14,31435880,2025-11-01 01:30:57.408,1
2133080730,-,NSW,0,,2025-11-01 01:28:24.331,2025-11-01 01:41:06.615,2,14,779752,2025-11-01 01:41:06.594,0
2133086076,-,WA,0,,2025-11-01 01:29:26.021,2025-11-01 01:32:10.496,2,14,595676,2025-11-01 01:32:08.004,0
2133091422,-,SA,0,,2025-11-01 01:29:38.742,2025-11-01 09:47:09.156,2,14,2242354,2025-11-01 09:47:09.800,0
2133102114,-,VIC,0,,2025-11-01 01:30:33.844,2025-11-01 01:30:33.902,2,14,905401,,0
2133107460,-,CA,0,,2025-11-01 01:30:49.667,2025-11-04 18:35:46.345,2,234,20273504,2025-08-28 23:04:18.529,0
2133112806,,,0,,2025-11-01 01:31:26.621,2025-11-01 01:31:26.850,2,14,4112289,,0
2133118152,-,Canterbury Region,0,,2025-11-01 01:31:40.605,2025-11-12 04:33:24.436,2,157,4985800,2025-11-04 02:11:18.231,0
2133123498,-,NSW,0,,2025-11-01 01:31:46.329,2025-11-04 00:06:18.584,2,14,2778480,,0
2133128844,-,QLD,0,,2025-11-01 01:32:14.119,2025-11-01 01:35:43.089,2,14,1578287,2025-11-01 01:36:02.805,1
2133134190,-,WA,0,,2025-11-01 01:32:15.426,2025-11-01 06:47:00.978,2,14,62314266,,0
2133139536,-,England,0,,2025-11-01 01:33:02.584,2025-11-01 01:50:46.048,2,232,157231772,,0
2133150228,-,QLD,0,,2025-11-01 01:33:14.372,2025-11-01 02:18:26.173,2,14,1172712,,1
2133155574,-,Canterbury Region,0,,2025-11-01 01:33:27.225,2025-11-04 03:55:40.754,2,157,1840120,,0
2133171612,,,0,-,2025-11-01 01:33:57.415,2025-11-01 01:33:57.468,2,65,5135856,,0
2133182304,,,0,,2025-11-01 01:38:51.700,2025-11-01 03:06:44.709,2,,7154587,,0
2133192996,-,WC,0,,2025-11-01 01:39:02.994,2025-11-01 01:39:03.052,2,204,44999561,,0
2133198342,-,VIC,0,,2025-11-01 01:39:12.187,2025-11-11 00:45:18.245,2,14,834409,2025-11-01 05:40:56.493,0
2133214380,-,NSW,0,,2025-11-01 01:39:39.244,2025-11-01 04:50:40.340,2,14,17499224,,1
2133219726,-,NSW,0,,2025-11-01 01:40:48.977,2025-11-08 01:44:17.202,2,14,45403392,,1
2133230418,-,Queensland,0,,2025-11-01 01:41:10.878,2025-11-04 00:57:57.450,2,14,157922,2025-11-04 00:54:26.822,0
2133241110,-,NSW,0,,2025-11-01 01:43:05.409,2025-11-01 05:19:40.064,2,14,4462388,2025-11-01 05:19:56.866,1
2133246456,,Calabarzon,0,,2025-11-01 01:43:36.283,2025-11-01 01:43:36.341,2,173,20319887,,0
2133251802,-,,0,,2025-11-01 01:43:55.047,2025-11-10 17:11:20.033,2,232,12062947,2025-11-10 17:11:20.174,0
2133262494,,Calabarzon,0,,2025-11-01 01:45:11.809,2025-11-01 03:06:25.072,2,173,52509807,,0
2133267840,-,QLD,0,,2025-11-01 01:45:18.472,2025-11-04 06:52:22.231,2,14,5156865,2025-11-04 06:02:47.281,0
2133273186,-,CA,0,,2025-11-01 01:46:33.702,2025-11-01 02:23:30.132,2,234,7121240,2025-11-01 01:57:47.540,0
2133278532,-,VIC,0,,2025-11-01 01:47:11.891,2025-11-11 01:54:03.631,2,14,31423112,,1
2133283878,,,0,-,2025-11-01 01:47:14.781,2025-11-01 01:47:14.849,2,65,2143776,,0
2133294570,-,QLD,0,,2025-11-01 01:47:21.265,2025-11-01 01:56:22.191,2,14,2327600,2025-11-01 01:56:22.327,0
2133321300,-,SA,0,,2025-11-01 01:49:12.898,2025-11-01 01:49:13.061,2,14,52018460,,0
2133326646,-,VIC,0,,2025-11-01 01:49:25.614,2025-11-03 00:12:43.803,2,14,30379342,2025-11-02 22:37:54.684,0
2133337338,-,NSW,0,,2025-11-01 01:49:37.403,2025-11-01 01:53:26.088,2,14,671976,,1
2133353376,-,,0,,2025-11-01 01:50:10.631,2025-11-01 01:50:11.355,2,232,12062947,,0
2133364068,-,NSW,0,,2025-11-01 01:50:28.951,2025-11-02 13:07:56.185,2,14,3298575,2025-11-01 03:33:55.419,0
2133369414,-,VIC,0,,2025-11-01 01:50:42.795,2025-11-01 03:09:52.046,2,14,31423112,,1
2133374760,-,VIC,0,,2025-11-01 01:51:02.926,2025-11-01 01:51:02.987,2,14,3428509,,0
2133380106,-,VIC,0,,2025-11-01 01:51:36.155,2025-11-01 02:01:03.031,2,14,1562282,2025-11-01 02:01:03.135,0
2133385452,-,Central Visayas,0,,2025-11-01 01:51:59.244,2025-11-01 04:40:21.455,2,173,18769152,2025-11-01 01:54:54.753,0
2133390798,-,NSW,0,,2025-11-01 01:52:10.612,2025-11-01 01:52:10.727,2,14,42646580,,0
2133406836,-,CO,0,-,2025-11-01 01:53:11.118,2025-11-01 01:53:15.161,2,107,76505478,,0
2133412182,-,CO,0,,2025-11-01 01:53:16.144,2025-11-10 19:13:59.794,2,234,14075715,2025-11-01 02:13:23.058,0
2133417528,-,NSW,0,,2025-11-01 01:53:37.833,2025-11-01 01:53:37.895,2,14,10150203,,0
2133422874,-,VIC,0,,2025-11-01 01:54:56.589,2025-11-01 01:59:45.210,2,14,1986733,2025-11-01 01:59:45.284,0
2133433566,-,WA,0,,2025-11-01 01:56:21.176,2025-11-01 02:06:39.805,2,14,448902,,1
2133438912,-,QLD,0,,2025-11-01 01:56:45.982,2025-11-01 02:06:07.168,2,14,1490208,2025-11-01 02:06:08.290,0
2133444258,-,Wa,0,,2025-11-01 01:57:27.533,2025-11-01 01:57:27.677,2,14,2096504,,0
2133454950,-,VIC,0,,2025-11-01 01:57:58.936,2025-11-03 06:45:38.494,2,14,66520320,,1
2133460296,-,NSW,0,,2025-11-01 01:58:11.100,2025-11-01 02:36:32.295,2,14,66331518,,1
2133481680,-,VIC,0,,2025-11-01 02:01:29.543,2025-11-10 01:34:45.849,2,14,3907235,2025-11-02 22:23:13.540,0
2133487026,-,QLD,0,,2025-11-01 02:01:38.438,2025-11-01 02:56:04.399,2,14,880320,2025-11-01 02:19:14.771,1
2133492372,-,WA,0,,2025-11-01 02:02:01.925,2025-11-01 02:03:31.306,2,14,820692,,1
2133497718,-,VIC,0,,2025-11-01 02:02:20.519,2025-11-01 02:06:57.189,2,14,2166955,2025-11-01 02:06:57.263,0
2133508410,-,SA,0,,2025-11-01 02:02:36.814,2025-11-01 02:08:52.450,2,14,1192482,,1
2133513756,-,WA,0,,2025-11-01 02:03:09.526,2025-11-01 02:18:32.849,2,14,374544,,1
2133519102,,,0,,2025-11-01 02:03:28.679,2025-11-03 03:46:23.040,2,,34762800,,0
2133524448,-,SA,0,,2025-11-01 02:03:55.061,2025-11-02 19:06:58.429,2,14,31676511,,0
2133529794,-,,0,-,2025-11-01 02:04:16.380,2025-11-01 02:04:16.639,2,14,5971245,,0
2133535140,-,NSW,0,,2025-11-01 02:05:45.939,2025-11-01 04:28:57.246,2,14,59355476,,1
2133540486,-,FL,0,,2025-11-01 02:06:06.094,2025-11-22 18:17:22.726,2,234,67561728,,0
2133545832,-,NSW,0,,2025-11-01 02:06:13.906,2025-11-01 02:06:13.975,2,14,7687586,,0
2133551178,-,VIC,0,,2025-11-01 02:06:23.057,2025-11-01 02:06:23.134,2,14,7965945,,0
2133556524,-,CA,0,,2025-11-01 02:06:27.847,2025-11-01 02:06:27.906,2,234,6340645,,0
2133567216,,St Thomas,0,,2025-11-01 02:06:31.667,2025-11-01 02:06:31.730,2,236,24013819,,0
2133572562,-,VIC,0,-,2025-11-01 02:07:03.026,2025-11-20 21:52:26.709,2,14,592416,2025-11-20 21:52:20.853,0
2133577908,-,QLD,0,,2025-11-01 02:07:16.755,2025-11-01 02:11:01.379,2,14,17547176,2025-11-01 02:11:15.191,1
2133583254,-,TAS,0,,2025-11-01 02:08:13.903,2025-11-03 08:23:14.582,2,14,726235,2025-11-03 08:12:01.085,0
2133588600,-,TASMANIA,0,,2025-11-01 02:08:36.741,2025-11-02 21:23:32.610,2,14,5588954,,0
2133593946,-,,0,,2025-11-01 02:08:44.586,2025-11-01 02:08:45.284,2,232,9054175,,0
2133599292,-,TAS,0,,2025-11-01 02:08:56.388,2025-11-03 07:08:00.107,2,14,8633576,2025-11-03 03:31:34.280,0
2133604638,-,ACT,0,,2025-11-01 02:09:03.933,2025-11-01 02:23:45.859,2,14,2256453,2025-06-30 05:11:09.706,0
2133615330,-,SA,0,,2025-11-01 02:09:22.171,2025-11-01 02:11:42.499,2,14,70010861,2025-11-12 05:17:54.590,1
2133620676,-,ACT,0,,2025-11-01 02:09:32.909,2025-11-07 07:21:00.088,2,14,228430,2025-11-07 07:21:00.170,0
2133631368,-,จ.ชลบุรี,0,,2025-11-01 02:10:35.175,2025-11-06 01:19:26.898,2,217,85752624,2025-11-01 04:05:28.209,0
2133636714,-,VIC,0,,2025-11-01 02:10:58.769,2025-11-01 02:13:14.607,2,14,1415556,,1
2133642060,-,NSW,0,,2025-11-01 02:12:12.754,2025-11-02 23:18:37.390,2,14,11446025,2025-11-02 23:18:37.526,0
2133658098,-,VIC,0,,2025-11-01 02:15:08.440,2025-11-06 03:36:24.477,2,14,85498176,,1
2133663444,-,NSW,0,,2025-11-01 02:15:19.322,2025-11-05 02:48:06.957,2,14,2366000,2025-11-01 02:33:31.975,0
2133668790,-,NSW,0,,2025-11-01 02:15:51.250,2025-11-05 06:45:15.298,2,14,1316096,2025-11-05 01:46:23.044,1
2133679482,-,CA,0,,2025-11-01 02:16:26.223,2025-11-01 02:32:38.087,2,234,21392332,2025-11-01 02:32:38.188,0
2133684828,-,QLD,0,,2025-11-01 02:16:42.379,2025-11-01 04:08:25.453,2,14,2815965,2025-11-01 02:44:35.398,0
2133690174,-,KS,0,,2025-11-01 02:17:38.487,2025-11-01 06:53:04.062,2,234,30056074,,0
2133695520,-,CA,0,,2025-11-01 02:18:06.406,2025-11-01 02:22:02.829,2,234,6280008,,0
2133700866,-,QLD,0,,2025-11-01 02:19:06.059,2025-11-01 02:24:46.370,2,14,1310760,2025-11-01 02:24:18.920,0
2133706212,-,WA,0,,2025-11-01 02:19:18.026,2025-11-01 02:37:28.904,2,14,11288904,2025-11-01 02:37:29.040,0
2133722250,-,NSW,0,,2025-11-01 02:20:47.154,2025-11-01 03:52:21.744,2,14,462189,2025-11-01 03:33:46.649,0
2133727596,-,NSW,0,,2025-11-01 02:21:26.337,2025-11-21 01:12:16.565,2,14,7965945,2025-11-01 05:14:57.458,0
2133732942,-,GA,0,,2025-11-01 02:22:53.320,2025-11-01 02:22:53.423,2,,1670879,,0
2133743634,-,QLD,0,,2025-11-01 02:23:31.089,2025-11-01 02:41:32.354,2,14,24453324,,1
2133748980,-,CA,0,,2025-11-01 02:24:26.665,2025-11-02 13:48:14.584,2,234,4125408,,0
2133775710,-,TX,0,,2025-11-01 02:26:38.983,2025-11-01 20:29:44.371,2,234,10106968,,0
2133786402,-,NSW,0,,2025-11-01 02:27:06.029,2025-11-08 02:58:33.986,2,14,5399020,2025-11-08 02:58:49.516,1
2133797094,-,BW,0,,2025-11-01 02:27:43.187,2025-11-01 15:44:39.304,2,83,71380246,,0
2133802440,-,VIC,0,,2025-11-01 02:28:39.538,2025-11-01 02:34:40.207,2,14,448902,2025-11-01 02:34:53.935,1
2133818478,-,NRW,0,,2025-11-01 02:29:44.884,2025-11-01 15:23:13.242,2,83,26422522,,0
2133829170,,,0,-,2025-11-01 02:30:14.216,2025-11-01 02:30:14.277,2,65,2143776,,0
2133834516,-,CA,0,,2025-11-01 02:30:22.964,2025-11-01 02:39:14.586,2,234,19849311,,0
2133839862,-,ACT,0,,2025-11-01 02:30:24.798,2025-11-02 00:27:04.203,2,14,1681372,2025-11-01 02:50:21.601,0
2133850554,-,WA,0,,2025-11-01 02:31:36.013,2025-11-01 02:33:05.889,2,14,39681966,,0
2133855900,-,GP,0,,2025-11-01 02:31:46.104,2025-11-01 15:04:51.081,2,204,45154907,,0
2133861246,-,QLD,0,,2025-11-01 02:31:56.587,2025-11-01 02:31:56.652,2,14,1444120,,0
2133866592,-,NSW,0,,2025-11-01 02:32:21.590,2025-11-01 02:32:21.644,2,14,29371380,,0
2133871938,-,QLD,0,,2025-11-01 02:32:40.632,2025-11-01 02:33:57.175,2,14,523260,,1
2133882630,-,WA,0,,2025-11-01 02:34:41.380,2025-11-04 03:17:58.654,3,14,35994720,,0
2133887976,-,NSW,0,,2025-11-01 02:35:07.604,2025-11-01 04:20:01.247,2,14,8505768,,0
2133893322,-,VIC,0,,2025-11-01 02:35:17.977,2025-11-01 02:42:02.951,2,14,172828782,,0
2133898668,-,QLD,0,,2025-11-01 02:37:17.838,2025-11-01 02:37:17.935,2,14,2356974,,0
2133904014,-,NSW,0,,2025-11-01 02:39:20.275,2025-11-02 23:22:59.962,2,14,1445700,2025-11-02 23:22:59.922,0
2133909360,-,NSW,0,,2025-11-01 02:39:29.362,2025-11-01 02:39:29.428,2,14,5156865,,0
2133914706,-,Laguna,0,,2025-11-01 02:40:36.058,2025-11-10 01:24:13.927,2,173,58025730,,0
2133920052,-,QLD,0,,2025-11-01 02:40:38.210,2025-11-02 23:18:31.941,2,14,1192482,2025-11-01 04:01:31.404,1
2133925398,-,QLD,0,,2025-11-01 02:43:21.986,2025-11-01 06:09:34.675,2,14,17305085,2025-11-01 06:09:23.411,0
2133930744,-,QLD,0,,2025-11-01 02:43:22.788,2025-11-01 02:58:29.059,2,14,3374036,2025-11-01 02:50:08.845,1
2133936090,-,NSW,0,,2025-11-01 02:44:01.984,2025-11-01 03:33:08.025,2,14,66331518,,1
2133941436,-,Imbabura,0,,2025-11-01 02:44:07.416,2025-11-01 02:44:07.489,2,65,2571216,,0
2133946782,-,WA,0,,2025-11-01 02:44:26.183,2025-11-01 02:44:26.328,2,14,2579384,,0
2133952128,-,VIC,0,,2025-11-01 02:44:27.438,2025-11-01 03:03:59.978,2,14,820692,2025-11-01 03:04:22.555,1
2133957474,-,VIC,0,,2025-11-01 02:45:04.402,2025-11-01 02:55:55.887,2,14,1192482,,1
2133968166,-,QLD,0,,2025-11-01 02:45:52.988,2025-11-03 01:42:24.678,2,14,1085623,,0
2133973512,-,England,0,,2025-11-01 02:46:22.300,2025-11-01 02:56:09.162,2,232,13975530,,0
2133978858,,Toa Alta,0,,2025-11-01 02:46:29.343,2025-11-01 02:46:30.165,2,177,28367508,,0
2133984204,-,QLD,0,,2025-11-01 02:48:18.135,2025-11-03 09:59:32.250,2,14,10778417,2025-11-01 04:28:09.255,0
2133989550,-,VIC,0,,2025-11-01 02:48:23.910,2025-11-01 03:05:06.898,2,14,2982892,2025-11-01 03:05:06.999,0
2133994896,-,QLD,0,,2025-11-01 02:48:28.295,2025-11-01 03:04:07.198,2,14,1310760,2025-11-01 03:04:07.592,0
2134016280,-,VIC,0,,2025-11-01 02:49:49.907,2025-11-01 02:51:37.494,2,14,60763131,,0
2134026972,-,VIC,0,,2025-11-01 02:51:29.816,2025-11-01 05:31:29.335,2,14,693600,2025-11-01 03:51:04.179,0
2134037664,-,Canterbury Region,0,,2025-11-01 02:52:54.587,2025-11-01 03:33:40.019,2,157,13977315,2025-11-01 03:25:56.607,0
2134043010,-,VIC,0,,2025-11-01 02:54:24.126,2025-11-01 02:54:24.725,2,14,1472880,,0
2134053702,-,VIC,0,,2025-11-01 02:54:47.395,2025-11-01 02:54:47.465,2,14,1085623,,0
2134059048,-,WA,0,,2025-11-01 02:54:58.743,2025-11-01 02:54:58.813,2,14,6076140,,0
2134069740,-,Negeri Sembilan,0,,2025-11-01 02:56:39.584,2025-11-01 03:36:31.626,2,134,145281357,2025-11-01 03:21:49.418,0
2134080432,-,VIC,0,,2025-11-01 02:58:16.768,2025-11-01 03:32:32.642,2,14,10222908,,0
2134091124,-,QLD,0,,2025-11-01 02:59:11.856,2025-11-01 04:53:13.189,2,14,679763,2025-11-01 04:45:06.890,0
2134096470,-,QLD,0,,2025-11-01 02:59:17.617,2025-11-01 03:00:28.193,2,14,2269200,,0
2134107162,-,VIC,0,,2025-11-01 02:59:55.801,2025-11-01 03:48:06.417,2,14,30379342,2025-11-01 03:48:06.543,0
2134117854,-,NSW,0,,2025-11-01 03:00:36.106,2025-11-01 03:00:36.168,2,14,16096180,,0
2134123200,-,VIC,0,,2025-11-01 03:00:57.553,2025-11-01 03:04:03.399,2,14,53747659,,0
2134149930,-,CA,0,,2025-11-01 03:03:56.287,2025-11-01 03:17:00.166,2,234,88393359,2025-11-01 03:17:00.268,0
2134155276,-,NSW,0,,2025-11-01 03:04:17.027,2025-11-01 03:57:42.462,2,14,38392900,,1
2134160622,-,,0,,2025-11-01 03:04:37.267,2025-11-01 03:10:30.546,2,,36412520,2025-11-01 03:10:30.636,0
2134165968,-,WA,0,,2025-11-01 03:05:06.621,2025-11-03 06:41:20.373,2,14,8064095,2025-11-03 06:41:20.334,0
2134171314,-,WA,0,,2025-11-01 03:05:48.493,2025-11-01 06:16:59.852,2,14,11999143,2025-11-01 06:16:44.909,0
2134176660,-,QLD,0,,2025-11-01 03:05:49.250,2025-11-01 04:03:35.148,2,14,5975568,2025-11-01 04:03:35.228,0
2134182006,-,WA,0,,2025-11-01 03:05:54.682,2025-11-01 03:22:38.265,2,14,30890512,2025-11-01 03:17:24.054,1
2134187352,-,NSW,0,,2025-11-01 03:06:03.197,2025-11-01 03:12:05.749,2,14,66136075,,0
2134192698,-,NSW,0,,2025-11-01 03:06:15.709,2025-11-01 03:06:15.780,2,14,67972341,,0
2134198044,-,QLD,0,,2025-11-01 03:07:01.724,2025-11-01 04:05:37.749,2,14,66331518,,1
2134203390,,Calabarzon,0,,2025-11-01 03:08:52.154,2025-11-21 07:19:39.464,3,173,76652247,2025-11-01 04:34:51.911,0
2134208736,-,QLD,0,,2025-11-01 03:08:56.041,2025-11-01 03:27:23.478,2,14,24139745,,0
2134214082,-,NSW,0,,2025-11-01 03:09:05.410,2025-11-01 03:14:36.844,2,14,31034490,2025-11-01 03:14:33.579,0
2134219428,-,New South Wales,0,,2025-11-01 03:09:19.050,2025-11-01 03:09:19.339,2,14,378226,,0
2134230120,-,VIC,0,,2025-11-01 03:09:44.585,2025-11-01 03:09:44.653,2,14,4220505,,0
2134240812,-,NSW,0,,2025-11-01 03:10:29.055,2025-11-01 03:10:43.024,2,14,7780782,,1
2134246158,-,WA,0,,2025-11-01 03:10:36.518,2025-11-01 03:14:05.080,2,14,3239624,,1
2134256850,-,QLD,0,,2025-11-01 03:11:04.881,2025-11-01 03:11:04.951,2,14,2236203,,0
2134272888,-,VIC,0,,2025-11-01 03:11:39.981,2025-11-01 03:11:40.123,2,14,1019149,,0
2134278234,-,QLD,0,,2025-11-01 03:11:55.307,2025-11-01 03:14:27.190,2,14,1858668,2025-11-01 03:14:45.238,1
2134283580,-,SA,0,,2025-11-01 03:13:27.534,2025-11-04 09:40:24.603,2,14,23998,2024-10-08 02:45:39.061,0
2134288926,-,HI,0,,2025-11-01 03:13:39.264,2025-11-01 03:25:38.565,2,234,4673343,2025-11-01 03:25:38.672,0
2134304964,-,VIC,0,,2025-11-01 03:17:53.337,2025-11-01 03:25:41.870,2,14,820692,2025-11-01 03:26:29.111,1
2134310310,-,WA,0,,2025-11-01 03:18:03.855,2025-11-01 03:25:15.712,2,14,3479263,2025-11-01 03:25:27.499,1
2134315656,-,NSW,0,,2025-11-01 03:18:28.381,2025-11-01 03:49:12.445,2,14,3597564,,0
2134321002,-,QLD,0,,2025-11-01 03:18:43.271,2025-11-07 05:33:53.673,2,14,374544,2025-11-07 05:34:06.299,1
2134331694,-,NSW,0,,2025-11-01 03:20:55.980,2025-11-01 03:20:56.072,2,14,13441140,,0
2134337040,-,TX,0,,2025-11-01 03:20:58.474,2025-11-01 03:21:19.662,2,234,6909510,,0
2134342386,,จ.สุราษฎร์ธานี,0,,2025-11-01 03:21:36.160,2025-11-01 03:40:37.462,2,217,27411395,,0
2134358424,-,NSW,0,,2025-11-01 03:22:45.782,2025-11-01 03:26:36.389,2,14,49618187,,0
2134374462,-,NSW,0,,2025-11-01 03:25:35.069,2025-11-01 03:25:35.160,2,14,50544156,,0
2134379808,-,VIC,0,,2025-11-01 03:25:44.737,2025-11-01 05:19:42.433,2,14,1480999,2025-11-01 05:19:42.572,0
2134385154,-,Johor Darul Ta'zim,0,,2025-11-01 03:28:18.902,2025-11-01 03:43:40.673,2,134,13946308,,0
2134390500,-,NSW,0,,2025-11-01 03:28:58.187,2025-11-01 03:28:58.245,2,14,16096180,,0
2134395846,-,NSW,0,,2025-11-01 03:29:00.587,2025-11-01 03:29:00.687,2,14,1192482,,0
2134401192,-,NSW,0,,2025-11-01 03:29:02.346,2025-11-01 06:18:47.982,2,14,49618187,2025-11-01 06:11:47.477,0
2134406538,-,QLD,0,,2025-11-01 03:30:02.321,2025-11-01 05:39:00.428,2,14,4122075,2025-11-01 03:38:11.703,0
2134417230,-,QLD,0,,2025-11-01 03:31:01.098,2025-11-01 03:33:03.282,2,14,895050,2025-11-01 03:34:04.117,1
2134422576,-,WA,0,,2025-11-01 03:31:32.915,2025-11-01 04:30:02.758,2,14,1192482,2025-11-01 03:41:19.453,1
2134427922,-,QLD,0,,2025-11-01 03:31:50.604,2025-11-01 03:36:38.891,2,14,1660032,,1
2134433268,-,NSW,0,,2025-11-01 03:31:57.626,2025-11-01 03:34:12.765,2,14,12281784,,0
2134449306,-,QLD,0,,2025-11-01 03:34:48.130,2025-11-01 03:52:41.163,2,14,16995044,2025-11-01 03:52:41.126,0
2134454652,-,TX,0,,2025-11-01 03:35:01.177,2025-11-01 03:36:09.286,2,234,12291747,,0
2134465344,-,NSW,0,-,2025-11-01 03:36:48.905,2025-11-07 04:07:52.840,2,14,37729405,,0
2134470690,-,England,0,,2025-11-01 03:36:55.545,2025-11-01 04:33:32.330,3,232,32146653,2025-11-01 03:52:54.568,0
2134476036,-,Wellington Region,0,,2025-11-01 03:38:55.427,2025-11-01 03:49:42.111,2,157,9991392,,0
2134481382,-,NSW,0,,2025-11-01 03:39:10.537,2025-11-01 03:48:00.435,2,14,1386000,2025-11-01 03:38:58.272,0
2134486728,-,NSW,0,,2025-11-01 03:39:31.629,2025-11-01 05:25:21.504,2,14,523260,,0
2134492074,-,New South Wales,0,,2025-11-01 03:39:37.050,2025-11-01 03:39:38.033,2,14,598530,,0
2134502766,-,SA,0,,2025-11-01 03:40:19.291,2025-11-03 05:51:14.690,2,14,5439753,,0
2134508112,-,WA,0,,2025-11-01 03:40:21.463,2025-11-01 09:13:56.512,2,14,96262716,2025-11-01 09:13:56.636,0
2134513458,-,ACT,0,,2025-11-01 03:40:36.648,2025-11-01 03:40:36.710,2,14,14543545,,0
2134518804,-,WA,0,,2025-11-01 03:40:42.265,2025-11-01 05:20:06.050,2,14,39681966,,0
2134529496,-,WA,0,,2025-11-01 03:42:35.637,2025-11-01 03:45:08.212,2,14,671976,,1
2134534842,-,NSW,0,,2025-11-01 03:42:42.827,2025-11-04 01:37:48.744,2,14,20711883,2025-11-02 05:12:02.735,0
2134540188,-,WA,0,,2025-11-01 03:42:57.244,2025-11-01 03:43:47.874,2,14,5576530,,1
2134550880,-,NSW,0,,2025-11-01 03:43:04.857,2025-11-01 03:46:27.718,2,14,1190000,2025-11-01 03:38:58.272,0
2134556226,-,VIC,0,,2025-11-01 03:43:47.110,2025-11-04 02:20:06.832,2,14,1111519,2025-11-01 05:06:21.491,0
2134561572,-,Auckland,0,,2025-11-01 03:43:57.793,2025-11-01 03:43:57.861,2,157,53564307,,0
2134566918,-,NSW,0,,2025-11-01 03:45:16.215,2025-11-01 03:47:23.511,2,14,2780558,2025-11-01 03:47:42.927,1
2134577610,-,Victoria,0,-,2025-11-01 03:47:33.658,2025-11-05 04:27:35.044,2,14,2089560,2025-11-05 04:11:56.977,0
2134582956,-,NSW,0,,2025-11-01 03:47:38.204,2025-11-01 04:07:10.401,2,14,2347785,2025-11-01 04:02:56.099,0
2134593648,-,VIC,0,,2025-11-01 03:48:56.781,2025-11-04 05:56:32.083,2,14,118650310,2025-11-01 22:17:40.103,0
2134598994,-,NSW,0,,2025-11-01 03:49:41.869,2025-11-01 03:51:07.132,2,14,4054600,2025-11-01 03:51:24.639,1
2134615032,-,NSW,0,,2025-11-01 03:50:37.718,2025-11-12 05:35:12.680,2,14,16634025,2025-11-03 05:51:23.406,0
2134620378,-,QLD,0,,2025-11-01 03:50:50.641,2025-11-05 04:59:44.072,2,14,3827898,2025-11-01 06:03:28.840,0
2134625724,-,England,0,,2025-11-01 03:51:22.222,2025-11-01 03:51:57.581,2,232,22675010,,0
2134631070,-,NT,0,,2025-11-01 03:51:26.377,2025-11-01 04:14:57.254,2,14,3634686,2025-11-01 03:58:29.126,0
2134641762,-,VIC,0,,2025-11-01 03:52:17.986,2025-11-01 03:52:18.063,2,14,9370485,,0
2134647108,-,WA,0,,2025-11-01 03:54:05.137,2025-11-01 03:56:11.996,2,14,90604641,,0
2134652454,-,VIC,0,,2025-11-01 03:54:09.512,2025-11-01 03:58:51.908,2,14,5625045,2025-11-01 03:58:52.024,0
2134657800,-,Banskobystrický kraj,0,,2025-11-01 03:54:17.852,2025-11-01 04:11:38.175,2,200,17976723,,0
2134663146,-,WC,0,,2025-11-01 03:54:43.164,2025-11-01 03:54:43.379,2,204,80677190,,0
2134668492,demo,NSW,0,,2025-11-01 03:55:45.487,2025-11-01 03:55:49.891,3,14,52510851,,0
2134679184,demo,NSW,0,,2025-11-01 03:55:56.877,2025-11-01 03:55:59.199,2,14,52510851,,0
2134684530,-,NSW,0,,2025-11-01 03:56:08.676,2025-11-21 06:39:27.966,2,14,3284145,,0
2134695222,-,TX,0,,2025-11-01 03:56:43.488,2025-11-01 03:56:43.581,2,234,20582760,,0
2134700568,-,QLD,0,,2025-11-01 03:57:11.815,2025-11-01 03:57:11.875,2,14,17671625,,0
2134705914,-,CA,0,,2025-11-01 03:58:35.376,2025-11-01 04:13:26.152,2,234,42748352,,0
2134721952,-,ACT,0,,2025-11-01 03:58:51.603,2025-11-01 03:58:52.409,2,14,318940,,0
2134727298,-,VIC,0,,2025-11-01 03:59:05.555,2025-11-02 23:26:32.943,2,14,1962480,,0
2134737990,-,QLD,0,,2025-11-01 03:59:22.875,2025-11-01 04:05:10.482,2,14,484584,,0
2134743336,-,NSW,0,,2025-11-01 03:59:44.639,2025-11-01 04:11:10.583,2,14,4060672,2025-11-01 04:11:10.541,0
2134748682,-,VIC,0,,2025-11-01 03:59:58.871,2025-11-13 00:19:05.000,2,14,60742105,,0
2134759374,-,NSW,0,,2025-11-01 04:00:21.572,2025-11-01 22:30:55.558,2,14,31451308,,1
2134764720,-,VIC,0,,2025-11-01 04:00:28.619,2025-11-01 04:13:11.849,2,14,7497765,2025-11-01 04:13:06.683,0
2134770066,-,ACT,0,,2025-11-01 04:00:45.610,2025-11-01 04:18:01.071,2,14,1443442,2025-11-01 04:15:04.506,0
2134780758,-,VIC,0,,2025-11-01 04:01:10.767,2025-11-01 04:01:30.211,2,14,2615280,,0
2134786104,-,QLD,0,,2025-11-01 04:01:22.346,2025-11-02 00:11:39.918,2,14,239141,2025-11-01 23:52:26.249,0
2134791450,-,VIC,0,,2025-11-01 04:01:45.426,2025-11-01 04:01:45.495,2,14,3268080,,0
2134818180,-,NSW,0,,2025-11-01 04:04:39.462,2025-11-14 00:29:30.832,2,14,2815965,,0
2134823526,-,NSW,0,,2025-11-01 04:05:37.852,2025-11-01 04:13:40.292,2,14,3300738,2025-11-01 04:13:55.874,1
2134828872,-,WA,0,,2025-11-01 04:05:59.928,2025-11-01 04:34:41.718,2,14,484016,2025-11-01 04:34:41.662,0
2134839564,-,NV,0,,2025-11-01 04:06:48.812,2025-11-01 05:06:58.189,2,234,22688695,,0
2134844910,-,AZ,0,,2025-11-01 04:07:27.604,2025-11-23 04:05:09.279,2,234,46752780,2025-11-01 04:13:56.692,0
2134855602,-,NY,0,,2025-11-01 04:08:42.291,2025-11-01 04:08:42.386,2,234,793569,,0
2134866294,-,,0,,2025-11-01 04:09:34.874,2025-11-01 04:09:35.483,2,232,9806368,,0
2134871640,-,QLD,0,,2025-11-01 04:11:08.589,2025-11-01 04:26:54.983,2,14,1784784,2025-11-01 04:43:12.564,0
2134876986,-,VIC,0,,2025-11-01 04:11:27.848,2025-11-03 01:21:11.560,2,14,1161620,2025-11-03 01:21:11.659,0
2134887678,-,VIC,0,,2025-11-01 04:13:04.532,2025-11-04 05:55:59.699,2,14,59375050,2025-11-01 22:10:07.033,0
2134893024,-,QLD,0,,2025-11-01 04:13:30.913,2025-11-01 04:13:30.979,2,14,78540312,,0
2134898370,-,CA,0,,2025-11-01 04:13:33.030,2025-11-01 04:22:03.393,2,234,34764224,,0
2134909062,,AN,0,,2025-11-01 04:15:58.810,2025-11-01 04:42:56.021,2,160,175596025,,0
2134914408,-,WA,0,,2025-11-01 04:16:18.657,2025-11-04 03:17:54.881,3,14,35994720,,0
2134919754,-,QLD,0,,2025-11-01 04:16:25.784,2025-11-01 04:36:59.091,2,14,1624340,2025-11-01 04:36:59.168,0
2134925100,-,VIC,0,,2025-11-01 04:16:44.418,2025-11-01 04:16:44.487,2,14,464929,,0
2134930446,,,0,-,2025-11-01 04:17:52.269,2025-11-01 04:17:52.331,2,65,5135856,,0
2134935792,-,WA,0,,2025-11-01 04:17:58.645,2025-11-21 07:17:24.168,2,14,862158,,0
2134941138,-,MA,0,,2025-11-01 04:18:23.058,2025-11-01 04:18:23.126,2,234,4988503,,0
2134946484,-,QLD,0,,2025-11-01 04:19:31.600,2025-11-03 01:01:50.141,2,14,1952424,2025-11-03 01:02:03.695,1
2134951830,-,VIC,0,,2025-11-01 04:19:31.646,2025-11-01 04:19:31.738,2,14,53382,,0
2134957176,-,WA,0,,2025-11-01 04:19:42.164,2025-11-01 06:52:57.553,2,14,3479263,2025-11-01 06:52:55.861,1
2134962522,-,NSW,0,,2025-11-01 04:21:33.941,2025-11-01 05:18:24.402,2,14,462189,2025-11-01 05:18:24.545,0
2134967868,-,CA,0,,2025-11-01 04:22:22.716,2025-11-01 04:22:22.782,2,234,29441472,,0
2134973214,-,ACT,0,,2025-11-01 04:23:01.782,2025-11-03 03:30:43.861,2,14,17108413,,0
2135005290,,منطقة القصيم,0,,2025-11-01 04:25:44.082,2025-11-01 04:25:44.300,2,194,44672862,,0
2135015982,-,,0,-,2025-11-01 04:26:15.317,2025-11-01 04:26:15.542,2,14,5971245,,0
2135021328,-,NSW,0,,2025-11-01 04:26:23.777,2025-11-01 04:26:23.938,2,14,2682708,,1
2135026674,-,QLD,0,,2025-11-01 04:26:26.051,2025-11-05 06:30:08.941,2,14,206343,2025-11-01 04:32:33.378,0
2135042712,-,QLD,0,,2025-11-01 04:28:52.830,2025-11-01 04:53:25.547,2,14,897672,2025-11-01 04:52:55.076,0
2135064096,-,QLD,0,,2025-11-01 04:31:17.154,2025-11-01 04:31:33.939,2,14,2495479,,1
2135080134,-,QLD,0,,2025-11-01 04:32:36.371,2025-11-01 04:35:33.204,2,14,20004770,,0
2135090826,-,VIC,0,,2025-11-01 04:33:40.941,2025-11-12 03:18:26.930,2,14,1758109,2025-11-01 04:46:15.613,0
2135096172,-,Dhaka Division,0,,2025-11-01 04:34:55.540,2025-11-03 03:55:36.858,2,19,6572265,,0
2135101518,-,NSW,0,,2025-11-01 04:35:06.992,2025-11-01 04:35:07.064,2,14,8902305,,0
2135106864,-,England,0,,2025-11-01 04:35:10.002,2025-11-01 04:54:43.246,2,232,106984647,,0
2135117556,-,WA,0,,2025-11-01 04:37:00.295,2025-11-01 04:37:00.366,2,14,269932,,0
2135122902,-,WA,0,,2025-11-01 04:37:02.004,2025-11-01 04:37:02.064,2,14,50998116,,0
2135128248,-,NSW,0,,2025-11-01 04:37:33.592,2025-11-01 05:34:00.485,2,14,41915371,,1
2135133594,-,จ.ขอนแก่น,0,,2025-11-01 04:37:38.423,2025-11-10 02:44:41.199,3,217,20882520,2025-11-01 05:56:38.075,0
2135144286,-,VIC,0,,2025-11-01 04:38:36.896,2025-11-01 04:59:48.697,2,14,15396696,2025-11-01 04:59:48.653,0
2135154978,-,NSW,0,,2025-11-01 04:40:36.960,2025-11-04 01:30:13.883,2,14,30379342,2025-11-04 01:30:13.845,0
2135160324,-,CA,0,,2025-11-01 04:40:46.438,2025-11-01 16:17:23.087,2,234,6871102,2025-11-01 16:06:25.909,0
2135171016,-,NSW,0,,2025-11-01 04:42:49.302,2025-11-01 04:57:15.428,2,14,448902,2025-11-01 04:51:35.317,0
2135187054,-,WA,0,,2025-11-01 04:46:02.508,2025-11-03 03:50:08.468,2,14,1019226,2025-11-01 04:53:49.345,0
2135192400,-,VIC,0,,2025-11-01 04:46:41.897,2025-11-04 06:58:07.590,2,14,14382424,2025-11-04 06:58:07.712,0
2135197746,-,OH,0,,2025-11-01 04:46:54.703,2025-11-01 04:46:54.779,2,234,86020102,,0
2135208438,-,NSW,0,,2025-11-01 04:48:40.589,2025-11-01 07:05:20.021,2,14,41915371,,1
2135213784,-,Calabarzon,0,,2025-11-01 04:49:55.853,2025-11-04 14:25:02.670,2,173,37591975,2025-11-01 05:02:53.780,0
2135219130,-,NC,0,,2025-11-01 04:52:07.265,2025-11-01 04:53:08.891,2,234,62971054,,0
2135235168,-,QLD,0,,2025-11-01 04:53:31.448,2025-11-01 04:55:44.363,2,14,2471062,,1
2135240514,-,Trnavský kraj,0,,2025-11-01 04:53:32.156,2025-11-01 05:04:15.228,2,200,37793583,,0
2135245860,-,SA,0,,2025-11-01 04:54:52.397,2025-11-01 04:54:52.456,2,14,9836710,,0
2135251206,-,QLD,0,,2025-11-01 04:55:40.140,2025-11-01 04:55:40.194,2,14,45449313,,0
2135261898,-,QLD,0,,2025-11-01 04:57:02.539,2025-11-01 06:16:10.114,2,14,2348913,,1
2135267244,-,NSW,0,,2025-11-01 04:57:05.658,2025-11-02 11:49:13.700,2,14,25526196,,0
2135277936,demo,NSW,0,,2025-11-01 04:57:40.840,2025-11-01 04:57:45.443,2,14,44464316,,0
2135293974,-,NSW,0,,2025-11-01 04:59:45.827,2025-11-01 05:15:46.294,2,14,20320796,2025-11-01 05:07:10.585,0
2135310012,-,Queensland,0,,2025-11-01 05:01:55.181,2025-11-01 05:01:56.047,2,14,630002,,0
2135315358,,England,0,,2025-11-01 05:02:38.342,2025-11-01 05:02:38.567,2,232,42840500,,0
2135326050,-,Trnavský kraj,0,,2025-11-01 05:05:28.998,2025-11-01 05:10:11.307,2,200,21940095,,0
2135331396,-,NSW,0,,2025-11-01 05:07:08.285,2025-11-01 05:25:27.709,2,14,1386000,2025-11-01 05:21:07.277,0
2135336742,-,WA,0,,2025-11-01 05:08:26.886,2025-11-01 05:08:44.157,2,14,6559609,,1
2135342088,-,WA,0,,2025-11-01 05:09:37.075,2025-11-01 05:09:37.135,2,14,25504230,,0
2135352780,-,QLD,0,,2025-11-01 05:09:56.960,2025-11-01 05:10:46.778,2,14,5248961,,1
2135358126,-,NSW,0,,2025-11-01 05:10:27.907,2025-11-01 05:11:59.141,2,14,1675527,2025-11-01 05:11:59.222,0
2135363472,-,VIC,0,,2025-11-01 05:11:18.446,2025-11-12 03:17:09.480,2,14,1573369,2025-11-01 05:36:27.727,0
2135368818,-,WA,0,,2025-11-01 05:11:21.549,2025-11-01 05:11:21.615,2,14,20320291,,0
2135384856,-,NSW,0,,2025-11-01 05:14:32.359,2025-11-01 05:44:13.005,2,14,66272052,,1
2135390202,-,NSW,0,,2025-11-01 05:15:00.347,2025-11-01 05:19:25.283,2,14,24453324,,1
2135395548,-,VIC,0,,2025-11-01 05:15:10.841,2025-11-11 09:11:29.887,2,14,1239825,,0
2135416932,-,WA,0,,2025-11-01 05:19:57.235,2025-11-01 05:23:21.682,2,14,2847695,2025-11-01 05:23:33.931,1
2135422278,-,WA,0,,2025-11-01 05:20:22.188,2025-11-01 07:19:37.402,2,14,5058183,2025-11-01 07:19:48.803,1
2135427624,-,QLD,0,,2025-11-01 05:20:27.618,2025-11-05 15:57:05.450,2,14,2889242,,1
2135438316,-,NSW,0,,2025-11-01 05:22:06.142,2025-11-01 05:37:02.947,2,14,5156865,,0
2135443662,-,WA,0,,2025-11-01 05:22:51.310,2025-11-01 05:22:51.417,2,14,1935544,,0
2135449008,-,NSW,0,,2025-11-01 05:22:56.124,2025-11-01 07:13:16.873,2,14,69819539,,1
2135470392,-,NSW,0,,2025-11-01 05:25:37.880,2025-11-01 05:49:05.025,2,14,3874760,2025-11-01 05:49:05.153,0
2135475738,-,VIC,0,,2025-11-01 05:26:02.504,2025-11-01 05:47:17.180,2,14,21140120,2025-11-01 05:47:13.855,0
2135486430,-,VIC,0,,2025-11-01 05:26:49.803,2025-11-01 06:07:34.707,2,14,1239825,2025-11-01 05:58:42.738,0
2135491776,-,WA,0,,2025-11-01 05:26:55.514,2025-11-03 09:03:50.948,2,14,269932,,0
2135497122,-,Victoria,0,,2025-11-01 05:27:11.318,2025-11-01 05:27:12.322,2,14,598530,,0
2135502468,-,NSW,0,,2025-11-01 05:28:02.073,2025-11-01 05:39:34.694,2,14,9226470,2025-11-01 05:35:26.561,0
2135507814,-,NSW,0,,2025-11-01 05:29:30.686,2025-11-01 05:32:17.033,2,14,3413624,,1
2135513160,,GJ,0,,2025-11-01 05:29:32.843,2025-11-01 05:29:32.897,2,103,45142812,,0
2135518506,-,QLD,0,,2025-11-01 05:30:04.257,2025-11-04 08:32:01.048,2,14,3552240,2025-11-01 06:12:58.630,0
2135523852,-,NSW,0,,2025-11-01 05:31:23.060,2025-11-01 05:51:42.968,2,14,12531412,,0
2135539890,-,NSW,0,,2025-11-01 05:34:44.804,2025-11-01 05:34:57.896,2,14,87056736,,0
2135555928,-,QLD,0,,2025-11-01 05:39:06.096,2025-11-01 05:49:17.325,2,14,31537492,,1
2135561274,-,,0,,2025-11-01 05:40:39.844,2025-11-08 10:29:27.756,2,232,9806368,2025-11-06 10:09:05.552,0
2135571966,-,UT,0,,2025-11-01 05:41:30.635,2025-11-01 05:41:30.694,2,234,145375980,,0
2135577312,-,,0,,2025-11-01 05:42:00.132,2025-11-01 05:42:00.859,2,232,8301982,,0
2135582658,,GJ,0,,2025-11-01 05:43:43.427,2025-11-01 06:12:33.622,2,103,35393749,2025-11-01 05:50:42.888,0
2135588004,-,,0,-,2025-11-01 05:44:16.003,2025-11-01 05:44:16.241,2,14,4484067,,0
2135593350,-,LA,0,,2025-11-01 05:44:27.447,2025-11-01 15:36:02.489,2,234,26167492,,0
2135598696,-,QLD,0,,2025-11-01 05:44:38.377,2025-11-01 05:51:56.764,2,14,5804254,,0
2135604042,-,GP,0,,2025-11-01 05:44:53.664,2025-11-03 07:45:56.394,2,204,15434550,,0
2135614734,-,WA,0,,2025-11-01 05:46:20.813,2025-11-05 00:28:16.355,2,14,323453,2025-11-04 11:54:17.150,0
2135620080,-,NSW,0,,2025-11-01 05:48:46.461,2025-11-01 05:48:46.616,2,14,969408,,0
2135625426,-,NSW,0,,2025-11-01 05:49:08.805,2025-11-01 05:56:00.136,2,14,36486495,2025-11-01 05:56:00.276,0
2135630772,-,ACT,0,,2025-11-01 05:49:26.438,2025-11-01 05:50:44.259,2,14,1415556,,1
2135636118,-,WA,0,,2025-11-01 05:51:00.740,2025-11-01 05:54:00.303,2,14,67972341,,0
2135657502,-,WA,0,,2025-11-01 05:51:43.003,2025-11-01 05:57:29.235,2,14,6005535,2025-11-01 05:56:46.959,1
2135662848,-,Sindh,0,,2025-11-01 05:51:53.542,2025-11-05 08:45:14.307,2,166,56836694,,0
2135668194,-,England,0,,2025-11-01 05:52:26.384,2025-11-19 17:58:26.068,2,232,24344958,2025-11-01 14:42:25.291,0
2135678886,-,VIC,0,,2025-11-01 05:52:58.035,2025-11-01 05:54:03.082,2,14,41877794,,1
2135694924,-,BC,0,,2025-11-01 05:54:28.287,2025-11-01 17:39:39.211,2,41,22127865,2025-11-01 17:39:39.346,0
2135705616,-,NSW,0,,2025-11-01 05:54:58.403,2025-11-02 09:33:16.671,2,14,3413624,,1
2135716308,-,MV,0,,2025-11-01 05:55:08.240,2025-11-01 05:55:50.734,2,83,34696347,,0
2135727000,-,Victoria,0,,2025-11-01 05:57:28.913,2025-11-01 05:57:29.177,2,14,283810,,0
2135732346,-,WA,0,,2025-11-01 05:57:43.247,2025-11-01 06:17:40.637,2,14,39681966,,0
2135737692,-,QLD,0,,2025-11-01 05:57:59.616,2025-11-01 06:08:04.033,2,14,31435880,2025-11-01 06:08:24.742,1
2135764422,demo,CA,0,,2025-11-01 06:01:16.750,2025-11-01 06:01:20.499,2,234,20321402,,0
2135775114,-,QLD,0,,2025-11-01 06:06:32.551,2025-11-03 00:31:04.597,2,14,1239825,2025-11-03 00:31:04.750,0
2135780460,-,NSW,0,,2025-11-01 06:07:50.439,2025-11-11 09:05:36.535,2,14,2680950,,0
2135785806,-,NSW,0,,2025-11-01 06:07:57.108,2025-11-10 02:38:49.387,2,14,2196729,2025-11-01 06:54:51.482,0
2135796498,-,QLD,0,,2025-11-01 06:08:39.298,2025-11-03 08:39:58.198,2,14,2495479,2025-11-01 06:10:11.254,1
2135801844,-,KZN,0,,2025-11-01 06:08:43.290,2025-11-09 20:26:19.607,2,204,35534520,2025-10-28 22:43:22.845,0
2135807190,-,Victoria,0,,2025-11-01 06:08:47.504,2025-11-01 06:08:48.396,2,14,630002,,0
2135812536,-,QLD,0,,2025-11-01 06:09:58.101,2025-11-01 06:09:58.611,2,14,622864,,0
2135817882,-,WA,0,,2025-11-01 06:11:34.967,2025-11-01 06:11:35.165,2,14,969784,,0
2135823228,-,NSW,0,,2025-11-01 06:11:49.287,2025-11-04 09:14:37.246,2,14,5625045,2025-11-01 08:50:43.827,0
2135828574,-,NSW,0,,2025-11-01 06:13:27.932,2025-11-01 06:16:25.341,2,14,82653963,,0
2135833920,-,QLD,0,,2025-11-01 06:14:05.220,2025-11-01 06:35:11.476,2,14,828824,2025-11-01 06:35:11.590,0
2135839266,-,NSW,0,,2025-11-01 06:14:16.477,2025-11-01 06:34:47.662,2,14,17499224,,1
2135849958,-,Yangon Region,0,,2025-11-01 06:15:09.997,2025-11-01 07:47:23.194,2,37,19086432,,0
2135865996,-,NSW,0,,2025-11-01 06:19:03.313,2025-11-01 06:20:32.222,2,14,37229771,,0
2135871342,-,QLD,0,,2025-11-01 06:19:16.510,2025-11-03 04:29:58.568,2,14,2348913,2025-11-01 07:05:44.356,1
2135882034,-,NSW,0,,2025-11-01 06:23:48.358,2025-11-01 06:25:27.340,2,14,45488715,,0
2135892726,-,QLD,0,,2025-11-01 06:25:45.748,2025-11-04 08:38:08.874,2,14,158154417,,0
2135898072,-,QLD,0,,2025-11-01 06:26:03.991,2025-11-01 06:43:56.038,2,14,35054331,2025-11-01 06:43:56.169,0
2135903418,-,SA,0,,2025-11-01 06:27:08.516,2025-11-01 06:27:08.623,2,14,44251502,,0
2135930148,,Согдийская область,0,,2025-11-01 06:32:12.123,2025-11-04 06:28:32.200,2,216,17885641,,0
2135935494,-,IF,0,,2025-11-01 06:32:56.733,2025-11-01 06:41:09.600,2,181,18647174,2025-11-01 06:35:53.263,0
2135946186,-,NSW,0,,2025-11-01 06:33:29.995,2025-11-01 07:19:48.031,2,14,6093225,2025-10-09 07:06:13.058,0
2135951532,-,ACT,0,,2025-11-01 06:33:31.028,2025-11-02 12:03:39.600,2,14,18164817,2025-11-02 12:03:39.557,0
2135956878,-,WA,0,,2025-11-01 06:34:31.079,2025-11-04 08:02:20.091,2,14,3315543,2025-11-04 06:23:00.158,0
2135962224,-,WA,0,,2025-11-01 06:35:34.875,2025-11-01 06:35:35.558,2,14,22301950,,0
2135983608,-,VC,0,,2025-11-01 06:37:18.955,2025-11-05 19:43:24.981,2,206,7666101,2025-11-04 13:16:27.010,0
2135994300,-,MV,0,,2025-11-01 06:38:05.238,2025-11-18 07:33:37.095,2,83,40793613,2025-11-01 06:47:11.054,0
2136004992,,Ташкентская область,0,,2025-11-01 06:38:08.654,2025-11-01 06:38:08.714,2,238,20670360,,0
2136010338,-,VIC,0,,2025-11-01 06:38:25.773,2025-11-01 06:43:57.988,2,14,3234600,,0
2136015684,-,CA,0,-,2025-11-01 06:38:57.822,2025-11-03 19:18:17.283,2,234,499626,2025-11-03 19:18:17.261,0
2136021030,-,VIC,0,,2025-11-01 06:40:04.440,2025-11-12 00:36:41.341,2,14,5375873,2025-11-02 21:40:50.241,0
2136031722,-,QLD,0,,2025-11-01 06:45:04.391,2025-11-04 09:06:11.311,2,14,1173064,2025-11-01 06:49:46.201,0
2136037068,-,VIC,0,,2025-11-01 06:46:49.716,2025-11-01 06:58:44.291,2,14,2776964,,1
2136042414,-,VIC,0,,2025-11-01 06:47:40.540,2025-11-01 07:00:58.155,2,14,23736993,2025-11-01 07:00:55.452,0
2136053106,-,,0,-,2025-11-01 06:52:15.971,2025-11-01 06:52:16.161,2,14,8449875,,0
2136063798,-,NSW,0,,2025-11-01 06:53:04.904,2025-11-13 06:59:32.497,2,14,4220505,2025-11-01 07:02:09.636,0
2136079836,-,NSW,0,,2025-11-01 06:57:56.948,2025-11-01 07:04:43.468,2,14,34669160,2025-11-01 07:04:43.622,0
2136095874,-,England,0,,2025-11-01 07:07:32.147,2025-11-13 17:04:25.866,2,232,104513222,2025-11-10 11:05:33.235,0
2136101220,-,,0,,2025-11-01 07:07:39.476,2025-11-21 15:29:41.732,2,232,9054175,2025-11-21 15:29:38.227,0
2136111912,-,Punjab,0,,2025-11-01 07:08:04.476,2025-11-01 07:10:23.337,2,166,4326418,,0
2136117258,-,GA,0,,2025-11-01 07:08:55.210,2025-11-04 18:08:16.423,2,234,53533822,2025-11-04 17:53:45.992,0
2136122604,-,VIC,0,,2025-11-01 07:08:58.192,2025-11-01 08:03:51.650,2,14,4220505,2025-11-01 08:03:51.824,0
2136133296,-,Otago Region,0,,2025-11-01 07:11:58.742,2025-11-01 07:11:58.963,2,157,48490646,,0
2136143988,-,QLD,0,,2025-11-01 07:13:43.409,2025-11-05 22:22:41.202,2,14,62270037,2025-11-03 12:24:01.298,0
2136149334,-,QLD,0,,2025-11-01 07:14:16.389,2025-11-08 00:06:36.555,2,14,16966544,2025-11-02 01:55:58.687,0
2136160026,-,CO,0,,2025-11-01 07:17:17.718,2025-11-01 07:28:48.205,2,234,77977576,,0
2136165372,-,,0,,2025-11-01 07:18:54.961,2025-11-13 17:51:58.939,2,232,6797596,2025-11-13 14:00:46.503,0
2136170718,-,NSW,0,,2025-11-01 07:19:28.790,2025-11-03 05:43:07.001,2,14,2848705,2025-11-03 05:40:47.673,0
2136176064,-,Chittagong Division,0,,2025-11-01 07:20:08.053,2025-11-13 02:43:52.029,2,19,35311473,,0
2136181410,-,WA,0,,2025-11-01 07:21:50.023,2025-11-01 07:21:50.121,2,14,39681966,,0
2136186756,-,,0,,2025-11-01 07:23:11.285,2025-11-01 13:58:07.360,2,232,12062947,,0
2136192102,-,WA,0,,2025-11-01 07:23:34.718,2025-11-01 07:23:34.775,2,14,96262716,,0
2136197448,-,Pahang,0,,2025-11-01 07:23:48.826,2025-11-01 07:23:48.885,2,134,33933344,,0
2136202794,-,MH,0,,2025-11-01 07:25:09.889,2025-11-01 10:46:43.873,3,103,28545510,,0
2136208140,-,QLD,0,,2025-11-01 07:25:12.366,2025-11-19 00:21:25.703,2,14,5204630,,1
2136213486,-,Queensland,0,,2025-11-01 07:25:47.414,2025-11-10 09:25:00.133,2,14,189394,2025-11-10 09:25:00.491,0
2136224178,-,,0,,2025-11-01 07:27:18.516,2025-11-01 07:27:19.283,2,232,4541017,,0
2136229524,,DL,0,,2025-11-01 07:27:36.302,2025-11-08 07:21:57.544,2,103,41613571,2025-11-01 07:34:20.162,0
2136234870,-,England,0,,2025-11-01 07:29:48.764,2025-11-05 15:33:00.224,2,232,12454893,2025-11-01 07:37:21.130,0
2136240216,-,NCR,0,,2025-11-01 07:29:50.257,2025-11-01 07:30:28.171,2,173,63276228,,0
2136245562,-,VIC,0,,2025-11-01 07:29:53.439,2025-11-01 07:41:48.149,2,14,5156865,2025-11-01 07:41:48.297,0
2136250908,-,England,0,,2025-11-01 07:31:24.211,2025-11-12 10:05:23.179,3,232,13895200,,0
2136256254,-,,0,,2025-11-01 07:32:21.311,2025-11-01 07:32:22.013,2,232,9054175,,0
2136261600,-,NSW,0,,2025-11-01 07:34:01.281,2025-11-01 07:58:11.073,2,14,3504450,,0
2136272292,-,,0,,2025-11-01 07:36:01.102,2025-11-24 17:35:03.200,2,232,9806368,2025-11-20 15:07:24.952,0
2136277638,,GJ,0,,2025-11-01 07:36:08.615,2025-11-01 07:45:59.126,2,103,18807557,2025-11-01 07:45:59.085,0
2136282984,-,GP,0,,2025-11-01 07:36:31.761,2025-11-01 07:43:58.757,2,204,68511333,2025-11-01 07:45:07.833,0
2136288330,,Bauskas novads,0,,2025-11-01 07:36:36.730,2025-11-01 08:05:38.167,2,123,43315808,2025-11-01 08:02:50.385,0
2136299022,,Riyadh Province,0,,2025-11-01 07:36:58.946,2025-11-01 08:46:35.593,2,194,28370187,2025-11-01 08:46:18.503,0
2136304368,,Sindh,0,,2025-11-01 07:37:15.204,2025-11-01 07:37:15.305,2,166,43064216,,0
2136309714,,Plaines Wilhems District,0,,2025-11-01 07:37:25.720,2025-11-01 08:34:03.078,3,141,76660248,,0
2136320406,-,CO,0,,2025-11-01 07:41:31.949,2025-11-03 19:44:21.543,2,234,103939084,,0
2136336444,-,QLD,0,,2025-11-01 07:44:04.943,2025-11-16 05:18:29.315,2,14,4329605,2025-11-01 07:49:51.980,0
2136341790,-,WA,0,,2025-11-01 07:44:08.858,2025-11-03 09:26:29.193,2,14,10101410,2025-11-01 08:00:43.795,0
2136352482,-,Magway Region,0,,2025-11-01 07:45:52.634,2025-11-01 14:12:29.570,2,37,22633100,2025-11-01 08:46:08.378,0
2136363174,-,,0,,2025-11-01 07:47:59.103,2025-11-01 07:47:59.723,2,232,9806368,,0
2136368520,-,GE,0,,2025-11-01 07:48:09.068,2025-11-01 07:48:09.142,2,154,160001478,,0
2136379212,-,EC,0,,2025-11-01 07:50:17.148,2025-11-01 09:03:17.158,2,204,12792508,2025-11-01 09:03:17.118,0
2136384558,-,England,0,,2025-11-01 07:51:09.980,2025-11-01 10:30:49.092,2,232,69538752,,0
2136400596,,KA,0,,2025-11-01 07:51:43.505,2025-11-01 07:51:43.572,2,103,68531111,,0
2136405942,-,Województwo mazowieckie,0,,2025-11-01 07:51:50.168,2025-11-22 08:17:17.526,2,175,91805244,2025-11-13 10:25:17.442,0
2136411288,-,KL,0,,2025-11-01 07:52:18.962,2025-11-01 07:58:56.179,2,103,8666400,2025-11-01 07:58:56.307,0
2136416634,-,Bursa,0,,2025-11-01 07:53:21.619,2025-11-03 12:49:34.986,2,225,24621290,2025-11-01 08:30:38.123,0
2136421980,,KA,0,,2025-11-01 07:55:34.746,2025-11-01 07:55:34.799,2,103,76569951,,0
2136427326,-,GP,0,,2025-11-01 07:56:00.523,2025-11-01 07:56:00.740,2,204,76660629,,0
2136438018,-,VIC,0,,2025-11-01 07:56:43.767,2025-11-03 01:28:58.731,2,14,5625045,2025-11-01 09:13:59.069,0
2136443364,-,QLD,0,,2025-11-01 07:56:56.419,2025-11-01 07:56:56.500,2,14,10523595,,0
2136454056,-,Puglia,0,,2025-11-01 07:58:17.859,2025-11-01 08:08:42.107,2,110,64506858,,0
2136459402,-,,0,,2025-11-01 07:58:41.012,2025-11-01 08:20:20.745,2,53,31500317,,0
2136470094,-,NRW,0,,2025-11-01 07:59:29.188,2025-11-01 08:05:26.888,2,83,33912896,,0
2136486132,-,VIC,0,,2025-11-01 08:00:34.776,2025-11-01 08:05:46.837,2,14,66331518,,1
2136502170,-,Vlaanderen,0,,2025-11-01 08:01:36.171,2025-11-01 08:01:36.264,2,22,16917264,,0
2136507516,,GP,0,,2025-11-01 08:03:14.359,2025-11-01 08:03:14.422,2,204,9161490,,0
2136512862,-,,0,,2025-11-01 08:03:14.841,2025-11-01 08:03:15.629,2,232,14319526,,0
2136523554,-,England,0,,2025-11-01 08:03:42.410,2025-11-15 08:43:23.003,2,232,108996307,2025-11-01 12:23:38.832,0
2136528900,,GP,0,,2025-11-01 08:06:31.066,2025-11-01 08:06:31.173,2,204,9161490,,0
2136544938,-,England,0,,2025-11-01 08:08:23.379,2025-11-01 08:08:23.438,2,232,60550125,,0
2136550284,,กรุงเทพมหานคร,0,,2025-11-01 08:08:36.755,2025-11-01 08:08:36.818,2,217,44804537,,0
2136560976,-,VIC,0,,2025-11-01 08:10:04.815,2025-11-01 08:10:04.918,2,14,7965945,,0
2136566322,-,England,0,,2025-11-01 08:10:07.807,2025-11-11 13:12:37.982,2,232,11425563,2025-11-01 08:14:23.212,0
2136571668,-,Selangor,0,,2025-11-01 08:10:21.539,2025-11-16 10:44:27.170,2,134,34124112,2025-11-16 04:19:50.719,0
2136577014,-,England,0,,2025-11-01 08:11:25.284,2025-11-01 08:21:08.658,2,232,42896357,2025-11-01 08:09:29.615,0
2136582360,-,GE,0,,2025-11-01 08:14:41.186,2025-11-01 08:37:48.511,2,154,42777784,2025-11-01 08:37:48.654,0
2136587706,-,,0,,2025-11-01 08:14:46.637,2025-11-01 08:14:47.773,2,232,6797596,,0
2136598398,-,VIC,0,,2025-11-01 08:16:57.579,2025-11-01 09:03:23.237,3,14,8902305,,0
2136609090,-,England,0,,2025-11-01 08:17:21.580,2025-11-01 08:17:21.646,2,232,18433056,,0
2136614436,-,,0,,2025-11-01 08:17:47.533,2025-11-01 08:17:48.820,2,232,3788824,,0
2136619782,-,England,0,,2025-11-01 08:19:41.193,2025-11-06 10:00:29.071,2,232,12454893,2025-11-01 08:25:40.970,0
2136625128,,กรุงเทพมหานคร,0,,2025-11-01 08:20:22.266,2025-11-11 06:04:57.711,2,217,28374135,2025-11-01 08:27:46.686,0
2136641166,-,Wellington Region,0,,2025-11-01 08:24:09.912,2025-11-02 07:58:45.961,2,157,52578195,2025-11-02 07:58:46.050,0
2136651858,-,CT,0,,2025-11-01 08:25:05.697,2025-11-01 08:44:44.673,2,181,75527397,,0
2136667896,-,NSW,0,,2025-11-01 08:27:36.080,2025-11-01 08:28:28.474,2,14,59355476,,1
2136683934,-,,0,,2025-11-01 08:30:14.803,2025-11-01 08:30:15.055,2,217,48494743,,0
2136689280,-,England,0,,2025-11-01 08:31:12.975,2025-11-01 08:40:49.133,2,232,13484223,2025-11-01 08:40:49.339,0
2136694626,,กรุงเทพมหานคร,0,,2025-11-01 08:31:29.844,2025-11-01 08:32:29.833,2,217,68621135,2025-11-01 08:27:46.686,0
2136699972,,,0,,2025-11-01 08:32:05.444,2025-11-01 08:32:05.694,1,,20322210,,0
2136705318,-,QLD,0,,2025-11-01 08:33:37.992,2025-11-21 02:34:54.830,2,14,4080963,2025-11-03 11:58:04.916,0
2136716010,-,,0,,2025-11-01 08:34:47.391,2025-11-04 16:45:57.412,2,232,5293210,2025-11-04 16:45:57.057,0
2136721356,-,NSW,0,,2025-11-01 08:34:47.593,2025-11-03 04:37:06.481,2,14,2216913,2025-11-03 04:32:40.982,0
2136737394,-,จ.นครราชสีมา,0,,2025-11-01 08:36:20.103,2025-11-01 10:32:39.645,2,217,68615679,,0
2136742740,-,จ.นครราชสีมา,0,,2025-11-01 08:36:56.995,2025-11-01 08:36:57.218,2,217,80697240,,0
2136764124,,,0,,2025-11-01 08:39:02.103,2025-11-01 08:39:02.322,2,,24349193,,0
2136769470,,Yazd Province,0,,2025-11-01 08:39:41.900,2025-11-01 08:39:42.108,2,105,64599645,,0
2136774816,-,,0,,2025-11-01 08:40:14.353,2025-11-01 08:40:15.068,2,232,15071719,,0
2136780162,-,จ.นครราชสีมา,0,,2025-11-01 08:40:24.846,2025-11-01 08:55:02.630,2,217,28371738,,0
2136785508,-,จ.นครราชสีมา,0,,2025-11-01 08:40:24.870,2025-11-01 10:55:43.808,2,217,48496189,2025-11-01 10:55:43.773,0
2136790854,-,จ.นครราชสีมา,0,,2025-11-01 08:40:25.488,2025-11-01 08:54:15.827,2,217,68623522,,0
2136796200,-,จ.นครราชสีมา,0,,2025-11-01 08:40:25.614,2025-11-01 08:59:10.707,2,217,11914976,,0
2136801546,-,จ.นครราชสีมา,0,,2025-11-01 08:40:25.795,2025-11-01 08:40:25.861,2,217,16618256,,0
2136806892,-,จ.นครราชสีมา,0,,2025-11-01 08:40:27.213,2025-11-01 10:55:48.052,2,217,39227373,2025-11-01 10:55:48.010,0
2136812238,-,จ.นครราชสีมา,0,,2025-11-01 08:40:27.787,2025-11-01 10:45:02.736,2,217,36421363,,0
2136817584,-,จ.นครราชสีมา,0,,2025-11-01 08:40:28.606,2025-11-01 10:56:02.782,2,217,76665201,2025-11-01 10:56:02.739,0
2136822930,-,จ.ชลบุรี,0,,2025-11-01 08:40:28.701,2025-11-01 11:02:18.679,2,217,52516854,2025-11-01 10:56:42.715,0
2136828276,-,จ.นครราชสีมา,0,,2025-11-01 08:40:30.097,2025-11-01 10:57:50.381,2,217,28371033,2025-11-01 10:57:50.470,0
2136844314,-,จ.นครราชสีมา,0,,2025-11-01 08:40:33.365,2025-11-01 08:54:10.644,2,217,80692829,,0
2136855006,-,จ.นครราชสีมา,0,,2025-11-01 08:40:36.803,2025-11-01 11:07:12.065,2,217,44471388,2025-11-01 11:07:12.152,0
2136876390,-,จ.นครราชสีมา,0,,2025-11-01 08:40:49.896,2025-11-01 10:32:19.900,2,217,64593867,,0
2136881736,-,จ.นครราชสีมา,0,,2025-11-01 08:41:04.241,2025-11-01 08:45:18.790,2,217,48498358,,0
2136892428,-,จ.นครราชสีมา,0,,2025-11-01 08:41:14.579,2025-11-01 08:41:14.644,2,217,76663296,,0
2136897774,-,England,0,,2025-11-01 08:41:24.325,2025-11-06 09:33:17.063,2,232,16717896,,0
2136903120,-,จ.นครราชสีมา,0,,2025-11-01 08:41:31.407,2025-11-01 10:27:28.249,2,217,24350040,,0
2136908466,-,,0,,2025-11-01 08:41:41.085,2025-11-01 08:41:41.763,2,232,14319526,,0
2136924504,-,จ.นครราชสีมา,0,,2025-11-01 08:42:20.989,2025-11-01 08:42:21.202,2,217,64595472,,0
2136929850,-,จ.นครราชสีมา,0,,2025-11-01 08:42:26.102,2025-11-08 00:31:48.094,2,217,52517637,2025-11-01 10:57:08.782,0
2136945888,-,จ.นครราชสีมา,0,,2025-11-01 08:43:36.219,2025-11-01 10:30:49.802,2,217,44473156,,0
2136951234,-,England,0,,2025-11-01 08:44:01.650,2025-11-11 13:20:23.250,2,232,7308243,2025-11-01 08:48:02.809,0
2136956580,-,England,0,,2025-11-01 08:44:04.472,2025-11-09 09:28:51.171,2,232,12706488,,0
2136961926,,Calabria,0,,2025-11-01 08:44:09.731,2025-11-01 08:56:49.699,2,110,45512506,2025-11-01 08:56:49.807,0
2137004694,-,จ.นครราชสีมา,0,,2025-11-01 08:45:51.578,2025-11-01 10:35:32.683,2,217,48496671,,0
2137010040,-,,0,,2025-11-01 08:46:19.993,2025-11-19 13:23:58.832,2,232,9054175,2025-11-04 14:53:56.063,0
2137026078,-,NSW,0,,2025-11-01 08:47:38.090,2025-11-01 09:15:59.211,2,14,7965945,2025-11-01 09:02:31.365,0
2137031424,-,จ.นครราชสีมา,0,,2025-11-01 08:47:52.210,2025-11-01 11:19:46.335,2,217,20324432,,0
2137036770,-,Northern Ireland,0,,2025-11-01 08:48:00.040,2025-11-01 11:36:00.481,2,232,7505319,2025-11-01 09:01:13.442,0
2137042116,-,จ.นครราชสีมา,0,,2025-11-01 08:49:23.006,2025-11-01 10:40:05.778,2,217,44467852,,0
2137052808,-,จ.นครราชสีมา,0,,2025-11-01 08:49:32.470,2025-11-01 09:04:59.822,2,217,36424078,,0
2137068846,-,England,0,,2025-11-01 08:51:10.262,2025-11-01 08:54:43.442,2,232,5249583,2025-11-01 08:54:39.927,0
2137074192,-,England,0,,2025-11-01 08:51:16.493,2025-11-01 10:32:44.084,2,232,13162932,2025-11-01 10:32:44.049,0
2137095576,-,จ.นครราชสีมา,0,,2025-11-01 08:52:36.647,2025-11-01 08:57:19.193,2,217,80693230,,0
2137106268,-,England,0,,2025-11-01 08:53:13.361,2025-11-08 10:22:01.738,2,232,17692857,2025-11-07 20:48:59.540,0
2137111614,-,England,0,,2025-11-01 08:54:03.207,2025-11-01 08:54:03.266,2,232,22081265,,0
2137116960,-,VIC,0,,2025-11-01 08:54:26.136,2025-11-01 09:05:19.026,1,14,154037,,0
2137127652,-,CT,0,,2025-11-01 08:55:19.078,2025-11-01 09:06:48.367,2,181,71754120,,0
2137132998,-,England,0,,2025-11-01 08:56:16.577,2025-11-02 19:38:08.716,2,232,12591220,2025-11-01 09:42:00.202,0
2137138344,-,QLD,0,,2025-11-01 08:56:40.672,2025-11-01 09:01:40.304,2,14,171353,2025-11-01 09:01:40.949,0
2137149036,-,,0,,2025-11-01 08:57:07.773,2025-11-01 08:57:08.408,2,232,8301982,,0
2137159728,-,England,0,,2025-11-01 08:58:03.310,2025-11-02 21:07:29.831,2,232,22186855,2025-11-02 21:07:18.444,0
2137165074,-,,0,-,2025-11-01 08:58:16.560,2025-11-01 08:58:16.802,2,14,7954149,,0
2137170420,-,,0,,2025-11-01 08:58:37.083,2025-11-01 08:58:37.812,2,232,12062947,,0
2137175766,-,Campania,0,,2025-11-01 08:58:42.469,2025-11-20 10:09:32.680,2,110,151505302,2025-11-01 09:19:06.527,0
2137181112,-,England,0,,2025-11-01 08:58:46.366,2025-11-01 08:58:46.421,2,232,52402548,,0
2137186458,-,กรุงเทพมหานคร,0,,2025-11-01 08:58:51.861,2025-11-01 08:58:52.078,2,217,48500286,,0
2137191804,-,England,0,,2025-11-01 08:58:53.824,2025-11-04 12:52:10.227,2,232,21931914,2025-11-01 09:09:02.324,0
2137197150,-,VIC,0,,2025-11-01 08:59:56.916,2025-11-02 00:52:33.500,2,14,53982495,,1
2137202496,-,MD,0,,2025-11-01 08:59:57.577,2025-11-01 09:00:00.118,2,206,80700047,,0
2137213188,-,England,0,,2025-11-01 09:00:58.832,2025-11-06 18:05:29.526,2,232,65614000,2025-11-01 12:05:05.949,0
2137218534,-,CT,0,,2025-11-01 09:01:33.647,2025-11-02 16:30:07.056,2,206,52525467,,0
2137239918,-,New South Wales,0,,2025-11-01 09:04:32.623,2025-11-01 09:04:33.438,2,14,598530,,0
2137245264,-,จ.นครราชสีมา,0,,2025-11-01 09:05:46.892,2025-11-01 10:36:18.395,2,217,20325038,,0
2137250610,-,VIC,0,,2025-11-01 09:05:48.152,2025-11-01 09:37:08.251,2,14,162129,,0
2137261302,-,SA,0,,2025-11-01 09:06:06.703,2025-11-10 09:13:24.301,2,83,49914220,2025-11-01 09:15:18.952,0
2137271994,-,Scotland,0,,2025-11-01 09:07:48.018,2025-11-01 09:27:24.030,2,232,80627988,2025-11-01 09:27:24.123,0
2137277340,-,WA,0,,2025-11-01 09:07:58.733,2025-11-01 09:07:58.866,2,14,2847695,,1
2137282686,-,,0,,2025-11-01 09:08:15.532,2025-11-01 09:08:16.137,2,232,12062947,,0
2137288032,-,England,0,,2025-11-01 09:08:32.948,2025-11-06 10:03:38.506,2,232,13484223,2025-11-01 09:13:34.277,0
2137293378,-,NSW,0,,2025-11-01 09:08:39.357,2025-11-05 20:40:48.529,2,14,23416890,2025-11-01 09:44:46.707,0
2137298724,-,,0,,2025-11-01 09:08:57.371,2025-11-01 09:08:58.034,2,232,14319526,,0
2137314762,-,CO,0,,2025-11-01 09:11:32.172,2025-11-01 09:11:32.363,2,107,34236312,,0
2137336146,-,England,0,,2025-11-01 09:13:40.209,2025-11-01 10:16:13.427,2,232,162214503,2025-11-01 10:16:10.613,0
2137341492,-,SA,0,,2025-11-01 09:14:29.381,2025-11-02 08:32:25.115,2,14,23998,2025-11-02 08:32:25.270,0
2137346838,-,จ.นครราชสีมา,0,,2025-11-01 09:14:39.752,2025-11-01 10:41:41.036,2,217,64590336,,0
2137352184,demo,BY,0,,2025-11-01 09:15:35.384,2025-11-01 09:15:38.180,2,83,52525989,,0
2137362876,-,Eastern Province,0,,2025-11-01 09:16:03.653,2025-11-01 09:16:03.870,2,194,52525728,,0
2137368222,-,England,0,,2025-11-01 09:16:14.028,2025-11-01 09:20:59.776,2,232,11425563,2025-11-01 09:20:56.937,0
2137373568,-,UT,0,,2025-11-01 09:16:34.168,2025-11-05 08:08:21.222,2,154,16488472,2025-11-01 09:28:59.333,0
2137378914,,BY,0,,2025-11-01 09:16:40.961,2025-11-01 16:05:59.869,2,83,44476029,2025-11-01 15:36:20.544,0
2137384260,-,England,0,,2025-11-01 09:16:53.652,2025-11-02 10:43:57.447,2,232,20749748,2025-11-01 19:32:23.262,0
2137389606,-,WA,0,,2025-11-01 09:17:06.468,2025-11-03 17:31:47.682,2,14,3795047,2025-11-03 15:31:54.255,1
2137394952,-,Lazio,0,,2025-11-01 09:17:09.328,2025-11-01 10:04:27.585,2,110,107462394,,0
2137410990,-,,0,,2025-11-01 09:18:18.031,2025-11-01 09:18:19.417,2,232,5293210,,0
2137416336,-,Wellington Region,0,,2025-11-01 09:19:22.871,2025-11-01 09:20:52.025,2,157,34073274,,0
2137427028,-,England,0,,2025-11-01 09:20:07.876,2025-11-01 10:30:29.054,2,232,170747227,2025-11-01 10:17:38.139,0
2137448412,-,,0,,2025-11-01 09:24:25.322,2025-11-01 09:24:25.950,2,232,14319526,,0
2137453758,-,,0,,2025-11-01 09:27:48.599,2025-11-01 09:49:33.777,2,101,24351250,,0
2137459104,-,,0,,2025-11-01 09:30:28.447,2025-11-17 16:46:07.595,2,232,5293210,2025-11-05 14:41:24.626,0
2137464450,-,England,0,,2025-11-01 09:30:45.803,2025-11-01 09:49:28.871,2,232,11013030,2025-11-01 09:49:29.352,0
2137469796,,G,0,,2025-11-01 09:30:56.605,2025-11-01 10:40:06.972,2,107,14068739,2025-11-01 10:02:15.921,0
2137475142,-,,0,,2025-11-01 09:30:57.211,2025-11-11 10:08:04.610,2,232,14319526,2025-11-11 10:03:26.041,0
2137485834,-,CM,0,,2025-11-01 09:31:20.521,2025-11-01 09:45:06.151,2,206,29929408,2025-11-01 09:36:14.989,0
2137491180,-,,0,,2025-11-01 09:34:11.970,2025-11-01 09:34:12.682,2,232,3788824,,0
2137496526,-,Federacija Bosne i Hercegovine,0,,2025-11-01 09:34:57.755,2025-11-01 09:34:57.809,2,28,13835784,,0
2137501872,-,WA,0,,2025-11-01 09:35:47.823,2025-11-01 09:38:18.894,2,14,5058183,2025-11-01 09:38:31.543,1
2137507218,-,England,0,,2025-11-01 09:37:36.514,2025-11-09 14:43:27.758,2,232,665510,2025-11-01 09:54:35.402,0
2137512564,-,VIC,0,,2025-11-01 09:38:16.020,2025-11-01 10:05:02.867,2,14,97393,,0
2137517910,-,VIC,0,,2025-11-01 09:38:21.153,2025-11-01 09:49:19.874,2,14,6278791,2025-11-01 09:49:19.963,0
2137523256,demo,CA,0,,2025-11-01 09:38:37.893,2025-11-01 09:38:41.834,2,234,68626932,,0
2137533948,demo,CA,0,,2025-11-01 09:38:42.702,2025-11-01 09:38:46.235,2,234,20326452,,0
2137544640,-,Sardegna,0,,2025-11-01 09:39:42.705,2025-11-01 09:43:39.400,2,110,69876300,,0
2137549986,-,VIC,0,,2025-11-01 09:40:36.172,2025-11-01 09:40:36.228,2,14,45261163,,0
2137555332,-,,0,,2025-11-01 09:40:43.892,2025-11-01 09:40:44.609,2,232,14319526,,0
2137560678,,,0,,2025-11-01 09:40:55.935,2025-11-01 09:49:10.311,2,86,10439485,,0
2137566024,-,England,0,,2025-11-01 09:41:04.351,2025-11-04 15:58:51.146,2,232,40911352,,0
2137582062,-,Sicilia,0,,2025-11-01 09:42:03.142,2025-11-01 09:42:03.212,2,110,103138428,,0
2137587408,-,England,0,,2025-11-01 09:42:05.108,2025-11-10 10:11:35.769,2,232,10144537,2025-11-01 09:49:01.761,0
2137603446,-,,0,,2025-11-01 09:44:38.241,2025-11-12 17:07:26.550,2,232,3788824,2025-11-12 17:07:26.117,0
2137608792,-,,0,,2025-11-01 09:46:38.556,2025-11-01 09:46:39.157,2,232,12062947,,0
2137619484,-,WA,0,,2025-11-01 09:48:25.067,2025-11-24 13:24:15.682,2,14,1981338,2025-11-08 15:46:49.156,0
2137624830,-,KL,0,,2025-11-01 09:48:53.421,2025-11-01 09:52:24.541,2,103,9107644,2025-07-21 07:02:22.478,0
2137630176,-,England,0,,2025-11-01 09:49:31.322,2025-11-01 09:49:31.382,2,232,19085568,,0
2137635522,-,England,0,,2025-11-01 09:50:19.619,2025-11-01 09:52:55.919,2,232,26640272,,0
2137640868,-,England,0,,2025-11-01 09:51:34.261,2025-11-02 11:37:32.615,2,232,81771112,2025-11-01 10:12:01.022,0
2137646214,-,,0,,2025-11-01 09:52:22.754,2025-11-01 09:52:23.450,2,232,12815140,,0
2137651560,-,England,0,,2025-11-01 09:52:51.089,2025-11-03 22:38:24.076,2,232,40696916,2025-11-03 22:25:48.829,0
2137656906,-,England,0,,2025-11-01 09:53:29.789,2025-11-01 09:53:29.850,2,232,49304384,,0
2137688982,-,,0,,2025-11-01 09:57:18.893,2025-11-01 09:57:19.519,2,232,6797596,,0
2137694328,-,NRW,0,,2025-11-01 09:57:19.715,2025-11-18 12:47:17.381,2,83,91032197,2025-11-01 10:20:18.401,0
2137699674,-,VIC,0,,2025-11-01 09:58:17.307,2025-11-01 10:01:37.806,2,14,40749,,0
2137705020,-,CL,0,,2025-11-01 09:58:59.873,2025-11-03 22:45:16.445,3,206,76350495,2025-11-01 10:14:22.531,0
2137710366,-,England,0,,2025-11-01 10:00:26.326,2025-11-06 14:59:58.084,2,232,34712227,2025-11-06 14:42:36.724,0
2137715712,-,England,0,,2025-11-01 10:01:09.783,2025-11-01 10:54:14.808,2,232,47758600,2025-11-01 10:54:14.921,0
2137726404,-,NJ,0,,2025-11-01 10:04:18.310,2025-11-01 10:04:18.373,2,234,15025808,,0
2137737096,-,จ.ขอนแก่น,0,,2025-11-01 10:06:56.232,2025-11-06 03:49:17.049,3,217,20882520,2025-11-01 05:56:38.075,0
2137753134,,GP,0,,2025-11-01 10:08:08.765,2025-11-01 10:08:08.830,2,204,20789535,,0
2137758480,-,England,0,,2025-11-01 10:08:15.780,2025-11-15 07:51:42.319,2,232,43512927,2025-11-01 10:26:30.541,0
2137763826,-,AN,0,,2025-11-01 10:08:26.992,2025-11-20 12:42:14.077,2,206,8829834,2025-11-01 10:30:30.057,0
2137774518,-,Nouvelle-Aquitaine,0,,2025-11-01 10:08:53.407,2025-11-01 11:24:52.310,2,76,33384375,2025-11-01 10:16:06.892,0
2137779864,-,England,0,,2025-11-01 10:09:11.092,2025-11-01 10:09:11.158,2,232,102485435,,0
2137785210,-,NRW,0,,2025-11-01 10:09:35.242,2025-11-01 10:09:35.434,2,83,108086522,,0
2137790556,-,Distrito de Évora,0,,2025-11-01 10:10:12.953,2025-11-01 10:11:34.299,2,176,82116936,2025-02-28 18:12:44.995,0
2137795902,-,Cēsu novads,0,,2025-11-01 10:10:41.259,2025-11-01 11:25:54.944,2,123,29832288,2025-11-01 11:24:39.087,0
2137801248,-,,0,,2025-11-01 10:11:38.880,2025-11-01 10:18:58.016,2,232,12801278,,0
2137811940,-,NSW,0,,2025-11-01 10:12:20.507,2025-11-02 02:08:48.627,2,14,30042096,,0
2137827978,-,,0,,2025-11-01 10:12:58.080,2025-11-01 10:12:58.145,2,101,47461650,,0
2137849362,-,Wales,0,,2025-11-01 10:14:51.866,2025-11-01 11:19:37.092,2,232,10517372,2025-11-01 11:19:37.281,0
2137854708,-,,0,,2025-11-01 10:16:45.331,2025-11-01 10:16:45.572,2,,19659821,,0
2137876092,-,England,0,,2025-11-01 10:18:42.115,2025-11-01 10:25:23.349,2,232,15196270,2025-11-01 10:23:15.052,0
2137886784,-,,0,,2025-11-01 10:20:45.154,2025-11-01 10:33:46.180,2,232,10675434,,0
2137897476,-,Scotland,0,,2025-11-01 10:21:05.564,2025-11-04 17:41:09.606,2,232,5507287,2025-11-04 17:41:06.130,0
2137908168,,จ.มหาสารคาม,0,,2025-11-01 10:21:53.204,2025-11-01 10:21:53.299,2,217,36424621,,0
2137913514,-,SO,0,,2025-11-01 10:21:57.005,2025-11-01 15:49:51.836,2,107,20243737,2025-11-01 15:46:30.066,0
2137924206,-,,0,-,2025-11-01 10:22:16.621,2025-11-01 10:22:16.902,2,14,5475519,,0
2137929552,-,England,0,,2025-11-01 10:22:29.903,2025-11-01 10:22:29.967,2,232,69507982,,0
2137940244,-,GP,0,,2025-11-01 10:22:49.383,2025-11-20 07:14:05.256,2,204,124018771,,0
2137945590,-,,0,,2025-11-01 10:22:51.992,2025-11-01 10:22:52.654,2,232,3788824,,0
2137950936,,จ.มหาสารคาม,0,,2025-11-01 10:22:53.394,2025-11-01 10:32:22.441,2,217,28374981,,0
2137956282,-,England,0,,2025-11-01 10:23:17.118,2025-11-04 17:18:58.450,2,232,58680050,,0
2137961628,,จ.มหาสารคาม,0,,2025-11-01 10:24:16.110,2025-11-01 10:24:16.238,2,217,24350161,,0
2137966974,-,IE,0,-,2025-11-01 10:24:25.898,2025-11-01 10:24:30.133,2,,52366020,,0
2137972320,-,,0,,2025-11-01 10:25:31.853,2025-11-01 10:25:32.611,2,232,15071719,,0
2137977666,-,,0,-,2025-11-01 10:26:15.774,2025-11-01 10:26:15.996,2,14,3492615,,0
2137983012,-,Toscana,0,,2025-11-01 10:27:09.885,2025-11-01 10:54:54.973,2,110,4967352,2025-11-01 10:54:55.111,0
2137993704,,Rabat-Salé-Kénitra,0,,2025-11-01 10:28:36.109,2025-11-01 10:28:36.171,2,149,32758604,,0
2137999050,-,TX,0,,2025-11-01 10:29:20.060,2025-11-01 10:36:48.394,2,234,110762001,,0
2138004396,-,WA,0,,2025-11-01 10:30:10.186,2025-11-01 10:41:46.421,2,14,3570193,2025-11-01 10:41:46.547,0
2138009742,-,England,0,,2025-11-01 10:31:09.427,2025-11-02 08:04:55.617,2,232,47639808,,0
2138020434,-,,0,,2025-11-01 10:32:16.586,2025-11-01 10:32:17.580,2,232,5293210,,0
2138031126,-,England,0,,2025-11-01 10:33:40.457,2025-11-03 08:25:52.816,2,232,14417469,2025-11-02 17:42:35.618,0
2138036472,-,England,0,,2025-11-01 10:33:51.093,2025-11-01 10:41:29.377,2,232,2083810,2025-11-01 10:41:29.511,0
2138047164,-,Campania,0,,2025-11-01 10:35:22.375,2025-11-03 09:16:22.915,2,110,14251064,2025-11-03 09:16:23.004,0
2138052510,-,Scotland,0,,2025-11-01 10:35:23.995,2025-11-03 14:22:40.875,2,232,138215618,2025-11-03 14:19:37.448,0
2138057856,-,NSW,0,,2025-11-01 10:36:32.904,2025-11-01 10:41:13.432,2,14,64171391,,1
2138073894,-,,0,,2025-11-01 10:37:17.282,2025-11-01 10:37:18.104,2,232,14319526,,0
2138079240,-,VIC,0,,2025-11-01 10:37:26.886,2025-11-07 04:44:13.559,2,14,9778334,,0
2138089932,-,England,0,,2025-11-01 10:37:45.622,2025-11-01 10:48:16.077,2,232,36185562,,0
2138095278,-,TX,0,,2025-11-01 10:38:34.804,2025-11-01 10:38:34.869,2,234,32279698,,0
2138100624,demo,BY,0,,2025-11-01 10:39:05.046,2025-11-01 10:39:08.298,2,83,36427336,,0
2138105970,-,Queensland,0,,2025-11-01 10:39:28.074,2025-11-19 03:04:37.768,2,14,189394,2025-11-19 02:58:34.164,0
2138111316,-,NSW,0,,2025-11-01 10:39:49.381,2025-11-06 05:36:15.564,2,14,3822742,2025-11-01 10:48:35.673,0
2138116662,-,จ.ชลบุรี,0,,2025-11-01 10:43:15.879,2025-11-18 01:00:20.590,2,217,39026736,2025-11-01 11:39:18.355,0
2138122008,-,England,0,,2025-11-01 10:44:08.632,2025-11-01 10:47:09.263,2,232,15308308,2025-11-01 10:47:09.356,0
2138127354,-,SA,0,,2025-11-01 10:44:55.039,2025-11-03 00:08:58.809,2,14,12600320,2025-11-02 23:28:18.859,0
2138138046,-,BW,0,,2025-11-01 10:45:58.694,2025-11-01 11:33:41.112,2,83,6486496,,0
2138148738,-,VIC,0,,2025-11-01 10:47:51.640,2025-11-01 10:50:58.908,2,14,59311300,,1
2138154084,-,,0,,2025-11-01 10:47:54.221,2025-11-01 10:47:54.887,2,232,15071719,,0
2138164776,-,New South Wales,0,,2025-11-01 10:49:17.804,2025-11-01 10:49:18.061,2,14,504114,,0
2138170122,-,England,0,,2025-11-01 10:49:33.880,2025-11-03 10:52:10.723,2,232,18833020,2025-11-01 10:54:44.429,0
2138175468,-,,0,,2025-11-01 10:49:58.827,2025-11-04 14:14:04.493,2,232,12062947,2025-11-04 14:14:04.470,0
2138186160,-,England,0,,2025-11-01 10:50:27.375,2025-11-07 16:09:18.238,2,232,33004375,2025-11-03 17:04:25.963,0
2138191506,-,Victoria,0,,2025-11-01 10:51:20.612,2025-11-01 10:51:20.886,2,14,346754,,0
2138196852,-,Hauts-de-France,0,,2025-11-01 10:51:22.630,2025-11-01 10:53:13.850,2,76,62325501,,0
2138202198,-,MD,0,,2025-11-01 10:51:26.307,2025-11-01 10:51:28.731,2,206,28377237,,0
2138207544,-,Toscana,0,,2025-11-01 10:52:28.298,2025-11-01 11:42:12.268,2,110,14400022,,0
2138212890,-,GP,0,,2025-11-01 10:52:34.183,2025-11-01 10:52:34.248,2,204,16913520,,0
2138223582,-,SL,0,,2025-11-01 10:52:41.116,2025-11-01 10:52:41.271,2,83,12063744,,0
2138234274,-,BY,0,,2025-11-01 10:52:56.498,2025-11-01 10:52:56.720,2,83,52527816,,0
2138239620,-,,0,,2025-11-01 10:53:24.494,2025-11-01 11:01:05.994,2,232,23430498,,0
2138244966,-,MH,0,,2025-11-01 10:54:26.037,2025-11-01 11:09:15.728,2,103,16595208,2025-11-01 11:05:42.909,0
2138250312,-,Toscana,0,,2025-11-01 10:55:16.075,2025-11-01 10:59:46.565,2,110,5954454,2025-11-01 10:54:55.111,0
2138261004,-,CL,0,,2025-11-01 10:55:20.890,2025-11-01 11:34:43.744,2,206,80704057,2025-11-01 11:34:43.845,0
2138266350,-,VIC,0,,2025-11-01 10:55:25.294,2025-11-22 09:57:01.769,2,14,24457050,2025-11-22 09:57:14.138,1
2138277042,-,GJ,0,,2025-11-01 10:55:44.976,2025-11-01 11:00:26.015,2,103,18807557,2025-11-01 10:59:42.348,0
2138282388,-,,0,-,2025-11-01 10:56:15.375,2025-11-01 10:56:15.600,2,14,5971245,,0
2138287734,-,RP,0,,2025-11-01 10:56:48.118,2025-11-01 10:56:48.177,2,83,62608322,,0
2138293080,-,,0,,2025-11-01 10:58:08.897,2025-11-10 16:34:35.493,2,232,15071719,2025-11-10 16:34:35.160,0
2138298426,-,England,0,,2025-11-01 10:58:33.117,2025-11-01 11:03:51.114,2,232,15308308,2025-11-01 11:03:51.206,0
2138303772,-,SL,0,,2025-11-01 11:01:07.295,2025-11-01 11:01:07.485,2,83,20650784,,0
2138314464,-,,0,,2025-11-01 11:01:44.456,2025-11-01 11:15:02.553,2,232,12801278,,0
2138319810,,Ankara,0,,2025-11-01 11:02:10.481,2025-11-17 08:49:00.789,2,225,13140711,,0
2138325156,-,D,0,,2025-11-01 11:03:05.590,2025-11-01 11:28:42.438,2,107,14116226,2025-11-01 11:28:42.550,0
2138330502,-,RP,0,,2025-11-01 11:03:46.082,2025-11-01 11:13:20.882,2,83,62608322,2025-11-01 11:11:05.639,0
2138335848,-,,0,,2025-11-01 11:04:10.681,2025-11-01 11:04:11.469,2,232,3788824,,0
2138341194,-,England,0,,2025-11-01 11:04:29.325,2025-11-01 11:12:53.190,2,232,992810,2025-11-01 11:12:50.060,0
2138357232,-,,0,,2025-11-01 11:06:07.927,2025-11-01 11:06:08.650,2,232,5293210,,0
2138373270,,GJ,0,,2025-11-01 11:07:20.340,2025-11-01 11:12:41.054,2,103,41613571,2025-11-01 11:12:41.016,0
2138378616,-,,0,,2025-11-01 11:07:25.337,2025-11-01 11:07:25.975,2,232,9806368,,0
2138383962,-,Campania,0,,2025-11-01 11:07:37.816,2025-11-01 11:58:24.111,2,110,85984626,,0
0,-,England,0,,2025-11-01 11:08:28.301,2025-11-01 16:29:27.964,2,232,24244290,,0
0,-,Scotland,0,,2025-11-01 11:08:46.886,2025-11-18 20:54:17.020,2,232,16824850,2025-11-18 15:59:18.503,0
0,,Río Negro,0,,2025-11-01 11:11:08.631,2025-11-01 11:11:09.346,2,11,80704458,,0
0,-,,0,,2025-11-01 11:13:57.420,2025-11-11 15:32:23.529,2,232,8301982,2025-11-05 17:48:12.810,0
0,-,Federal Capital Territory,0,,2025-11-01 11:14:32.071,2025-11-10 20:05:11.506,2,160,25913576,,0
0,,Northern Ireland,0,,2025-11-01 11:15:56.162,2025-11-01 11:15:56.229,2,232,162214503,,0
0,-,England,0,,2025-11-01 11:16:38.971,2025-11-24 16:25:14.795,2,232,11689100,2025-11-01 11:32:24.623,0
0,-,England,0,,2025-11-01 11:17:11.743,2025-11-01 11:20:59.805,2,232,144649638,,0
0,-,,0,,2025-11-01 11:18:00.175,2025-11-01 11:18:00.808,2,232,12815140,,0
0,-,Lombardia,0,,2025-11-01 11:18:06.609,2025-11-01 11:18:09.524,2,110,80704859,,0
0,-,DF,0,,2025-11-01 11:18:40.955,2025-11-21 19:14:06.939,2,31,9238295,,0
0,-,NRW,0,,2025-11-01 11:18:51.323,2025-11-01 11:18:51.374,2,83,76633959,,0
0,-,NRW,0,,2025-11-01 11:19:17.368,2025-11-06 15:16:10.121,2,83,43470522,2025-11-01 12:45:15.643,0
0,-,Scotland,0,,2025-11-01 11:20:08.722,2025-11-05 17:45:27.374,2,232,31110100,2025-11-04 12:16:18.497,0
0,-,GP,0,,2025-11-01 11:20:20.188,2025-11-04 08:35:26.021,2,204,28370469,,0
0,-,England,0,,2025-11-01 11:20:20.507,2025-11-01 11:26:22.617,2,232,7074600,,0
0,-,England,0,,2025-11-01 11:22:03.441,2025-11-10 09:12:12.559,2,232,12640984,2025-11-07 14:29:53.093,0
0,-,Scotland,0,,2025-11-01 11:22:47.456,2025-11-01 11:31:05.212,2,232,109553695,,0
0,-,Liguria,0,,2025-11-01 11:23:18.883,2025-11-02 17:23:51.489,2,110,69876300,2025-11-01 11:34:18.390,0
0,-,BW,0,,2025-11-01 11:25:32.525,2025-11-01 12:05:22.472,2,83,96716972,2025-11-01 11:37:58.413,0
0,-,,0,,2025-11-01 11:25:52.002,2025-11-06 12:23:15.959,2,232,9806368,2025-11-06 12:21:18.564,0
0,-,VA,0,,2025-11-01 11:26:10.651,2025-11-04 19:23:14.739,2,234,53672689,2025-11-01 11:28:17.727,0
0,-,,0,,2025-11-01 11:26:42.204,2025-11-05 14:02:27.460,2,232,25556342,,0
0,-,NJ,0,,2025-11-01 11:27:30.674,2025-11-01 11:27:30.738,2,234,47150922,,0
0,-,BW,0,,2025-11-01 11:27:43.172,2025-11-01 11:28:39.697,2,83,11803296,,0
0,-,New South Wales,0,,2025-11-01 11:29:09.582,2025-11-08 04:06:35.523,2,14,346754,2025-11-08 04:06:33.006,0
0,-,Scotland,0,,2025-11-01 11:29:20.328,2025-11-01 12:27:16.646,2,232,28806460,2025-11-01 12:26:23.965,0
0,-,NSW,0,,2025-11-01 11:29:36.661,2025-11-02 12:35:47.319,2,14,3838886,2025-11-01 11:32:13.895,0
0,-,Waikato Region,0,,2025-11-01 11:29:51.358,2025-11-01 12:19:03.454,2,157,588069,2025-11-01 12:19:07.800,0
0,-,OY,0,-,2025-11-01 11:30:06.710,2025-11-01 11:30:11.171,2,107,64435749,,0
0,-,England,0,,2025-11-01 11:30:43.841,2025-11-03 09:28:13.384,2,232,14295573,,0
0,-,NSW,0,,2025-11-01 11:31:00.092,2025-11-04 00:45:19.206,2,14,5847160,,1
0,-,England,0,,2025-11-01 11:31:49.592,2025-11-03 11:53:56.062,2,232,21233355,,0
0,-,,0,,2025-11-01 11:32:30.868,2025-11-01 11:38:32.656,2,61,75711220,,0
0,-,Rēzeknes novads,0,,2025-11-01 11:33:16.851,2025-11-01 11:38:11.107,2,123,16348768,2025-11-01 11:38:11.191,0
0,-,Nouvelle-Aquitaine,0,,2025-11-01 11:33:27.139,2025-11-01 11:34:38.750,2,76,35461625,2025-11-01 10:16:06.892,0
0,-,,0,,2025-11-01 11:34:13.409,2025-11-18 17:25:10.592,2,232,5293210,2025-11-14 12:21:11.993,0
0,-,MD,0,,2025-11-01 11:34:23.171,2025-11-01 12:57:29.957,2,206,29663430,2025-11-01 11:53:42.120,0
0,-,CN,0,,2025-11-01 11:34:29.299,2025-11-01 11:41:50.190,2,107,23583878,2025-11-01 11:41:50.641,0
0,-,Campania,0,,2025-11-01 11:34:42.671,2025-11-01 11:47:09.117,2,110,69876300,2025-11-01 11:47:09.201,0
0,,England,0,,2025-11-01 11:35:01.785,2025-11-02 19:40:16.914,2,232,48789040,2025-11-01 11:59:18.318,0
0,-,England,0,,2025-11-01 11:35:33.245,2025-11-06 07:58:10.246,2,232,101003620,2025-11-01 12:02:33.959,0
0,-,,0,,2025-11-01 11:35:59.213,2025-11-01 11:35:59.824,2,232,15071719,,0
0,-,VC,0,,2025-11-01 11:36:20.593,2025-11-03 19:30:28.908,2,206,46074672,,0
0,-,Scotland,0,,2025-11-01 11:37:20.780,2025-11-01 12:21:47.596,2,232,5507287,,0
0,-,NRW,0,,2025-11-01 11:38:30.751,2025-11-01 11:38:30.805,2,83,48474499,,0
0,-,,0,,2025-11-01 11:39:51.164,2025-11-01 12:12:50.150,2,61,119829560,2025-11-01 12:12:50.242,0
0,-,NRW,0,,2025-11-01 11:42:47.332,2025-11-01 11:42:47.389,2,83,76633959,,0
0,-,Jēkabpils novads,0,,2025-11-01 11:45:21.932,2025-11-01 11:53:27.712,2,123,46012512,2025-11-01 11:53:27.839,0
0,-,,0,,2025-11-01 11:45:44.407,2025-11-20 09:46:24.013,2,232,6797596,,0
0,-,New South Wales,0,,2025-11-01 11:46:20.352,2025-11-01 11:46:20.611,2,14,504114,,0
0,-,IE,0,-,2025-11-01 11:46:40.073,2025-11-01 11:46:44.008,2,,28226562,,0
0,-,England,0,,2025-11-01 11:46:48.063,2025-11-01 12:43:01.943,2,232,136616331,2025-11-01 12:34:49.856,0
0,-,Campania,0,,2025-11-01 11:49:06.534,2025-11-24 17:28:32.386,2,110,107462394,2025-11-01 11:57:10.794,0
0,-,,0,,2025-11-01 11:49:47.847,2025-11-01 11:49:48.454,2,232,15071719,,0
0,-,KA,0,,2025-11-01 11:50:28.857,2025-11-11 06:31:19.993,2,103,13373266,2025-02-05 16:20:19.646,0
0,-,Sicilia,0,,2025-11-01 11:50:59.132,2025-11-01 11:59:47.206,2,110,103138428,2025-11-01 11:58:31.514,0
0,-,,0,,2025-11-01 11:54:06.989,2025-11-01 11:54:07.616,2,232,9054175,,0
0,-,,0,,2025-11-01 11:54:45.176,2025-11-01 11:54:45.824,2,232,15071719,,0
0,,Scotland,0,,2025-11-01 11:56:50.398,2025-11-01 12:02:34.173,2,232,40699759,,0
0,-,England,0,,2025-11-01 11:59:50.990,2025-11-01 12:24:09.642,2,232,169130615,2025-11-01 12:21:22.370,0
0,-,Northern Ireland,0,,2025-11-01 12:00:01.633,2025-11-01 12:16:10.268,2,232,27023610,2025-11-01 12:16:10.362,0
0,,England,0,,2025-11-01 12:01:16.003,2025-11-01 12:15:15.370,2,232,15396941,,0
0,-,England,0,,2025-11-01 12:01:32.031,2025-11-01 12:31:54.737,2,232,17204230,2025-11-01 12:31:54.832,0
0,-,,0,,2025-11-01 12:02:08.886,2025-11-01 12:02:09.528,2,232,14319526,,0
0,-,England,0,,2025-11-01 12:03:10.831,2025-11-01 12:03:10.935,2,232,62706445,,0
0,,Najaf Governorate,0,,2025-11-01 12:03:20.184,2025-11-01 12:03:37.403,2,106,45666215,,0
0,-,,0,,2025-11-01 12:03:45.923,2025-11-05 14:11:44.779,2,232,42563094,,0
0,,NY,0,,2025-11-01 12:04:02.655,2025-11-01 13:19:50.879,2,234,6243411,,0
0,-,Campania,0,,2025-11-01 12:04:17.054,2025-11-01 12:06:13.696,2,110,107462394,,0
0,-,BW,0,,2025-11-01 12:04:45.720,2025-11-01 18:10:13.473,2,83,17883285,2025-11-01 12:55:07.341,0
0,-,WA,0,,2025-11-01 12:05:08.196,2025-11-01 12:58:00.785,2,14,15017239,,1
0,-,LA,0,,2025-11-01 12:05:24.826,2025-11-01 12:26:22.865,2,234,166770822,,0
0,-,England,0,,2025-11-01 12:05:39.549,2025-11-01 12:05:39.648,2,232,26590290,,0
0,-,,0,,2025-11-01 12:07:02.705,2025-11-06 08:11:59.198,2,232,12815140,,0
0,-,CT,0,,2025-11-01 12:07:16.614,2025-11-01 12:45:10.249,2,206,24514088,2025-11-01 12:44:53.902,0
0,-,Sindh,0,,2025-11-01 12:08:49.179,2025-11-03 11:49:00.075,2,166,9874252,,0
0,-,Wales,0,,2025-11-01 12:08:57.349,2025-11-03 13:29:33.466,2,232,39551244,2025-11-01 12:51:06.160,0
0,,,0,,2025-11-01 12:09:20.842,2025-11-01 12:26:07.982,3,206,22793920,,0
0,-,RP,0,,2025-11-01 12:09:49.881,2025-11-06 16:37:42.834,2,83,7112638,,0
0,-,,0,,2025-11-01 12:09:50.718,2025-11-01 12:09:51.378,2,232,12062947,,0
0,,بغداد محافظة,0,,2025-11-01 12:11:43.155,2025-11-09 12:17:31.859,2,106,12384471,,0
0,-,Waikato Region,0,,2025-11-01 12:11:58.844,2025-11-01 12:12:01.804,2,157,1406551,,0
0,-,,0,,2025-11-01 12:12:45.270,2025-11-01 12:12:45.952,2,232,5293210,,0
0,-,,0,,2025-11-01 12:13:16.528,2025-11-10 11:05:22.073,2,232,5293210,2025-11-10 11:05:21.708,0
0,,England,0,,2025-11-01 12:14:38.490,2025-11-01 12:14:38.577,2,232,35403548,,0
0,-,England,0,,2025-11-01 12:15:42.109,2025-11-14 12:01:36.282,2,232,8165501,2025-11-01 12:53:24.155,0
0,-,England,0,,2025-11-01 12:16:14.645,2025-11-01 12:21:19.965,2,232,31104266,2025-11-01 12:21:20.095,0
0,-,Scotland,0,,2025-11-01 12:16:34.116,2025-11-19 16:25:38.253,2,232,45395350,2025-11-04 18:55:30.387,0
0,-,,0,,2025-11-01 12:17:33.910,2025-11-01 12:25:44.371,2,232,10675434,,0
0,-,VC,0,,2025-11-01 12:17:56.572,2025-11-01 17:08:45.586,2,206,7134151,2025-11-01 12:30:04.923,0
0,-,Sicilia,0,,2025-11-01 12:18:08.952,2025-11-01 13:04:05.071,2,110,91354068,2025-11-01 13:04:05.432,0
0,,England,0,,2025-11-01 12:18:10.194,2025-11-01 13:05:07.569,2,232,47598033,2025-11-01 12:27:15.706,0
0,-,Wales,0,,2025-11-01 12:18:21.172,2025-11-01 12:18:21.232,2,232,41625092,,0
0,-,England,0,,2025-11-01 12:18:24.976,2025-11-01 12:18:25.035,2,232,6336386,,0
0,-,England,0,,2025-11-01 12:18:55.480,2025-11-01 15:45:15.024,2,232,36211108,2025-11-01 15:43:44.745,0
0,-,PA,0,,2025-11-01 12:19:15.361,2025-11-01 12:19:15.467,2,234,4052130,,0
0,-,Wales,0,,2025-11-01 12:19:31.232,2025-11-01 12:19:31.297,2,232,12591220,,0
0,-,NRW,0,,2025-11-01 12:19:36.057,2025-11-01 12:19:36.149,2,83,20315039,,0
0,-,กรุงเทพมหานคร,0,,2025-11-01 12:20:44.538,2025-11-01 12:20:44.629,2,217,48500286,,0
0,-,,0,,2025-11-01 12:21:11.930,2025-11-06 16:39:00.257,2,232,9054175,2025-11-06 16:16:19.291,0
0,,Wales,0,,2025-11-01 12:21:34.003,2025-11-01 12:21:34.072,2,232,41625092,,0
0,-,,0,,2025-11-01 12:22:32.389,2025-11-06 07:21:14.260,2,199,2461835,,0
0,-,England,0,,2025-11-01 12:23:00.153,2025-11-01 12:27:02.660,2,232,1756510,2025-11-01 12:27:02.809,0
0,-,England,0,,2025-11-01 12:23:08.988,2025-11-04 21:43:58.749,2,232,33004375,2025-11-01 12:27:55.683,0
0,,,0,-,2025-11-01 12:23:20.298,2025-11-01 12:23:20.354,2,65,5563296,,0
0,,Yangon Region,0,,2025-11-01 12:24:23.571,2025-11-04 16:31:07.855,2,37,24218271,,0
0,-,RP,0,,2025-11-01 12:24:36.484,2025-11-03 16:51:57.369,2,83,96716972,2025-11-03 16:37:36.282,0
0,-,,0,,2025-11-01 12:25:30.580,2025-11-01 12:27:34.926,2,212,11574261,,0
0,-,Wales,0,,2025-11-01 12:26:18.729,2025-11-01 15:47:44.651,2,232,22960460,2025-11-01 13:09:08.791,0
0,demo,BY,0,,2025-11-01 12:27:08.188,2025-11-01 12:27:10.841,2,83,68632729,,0
0,-,BY,0,,2025-11-01 12:27:39.413,2025-11-01 15:07:06.226,2,83,36429689,2025-11-01 13:58:58.750,0
0,-,,0,,2025-11-01 12:28:10.337,2025-11-01 12:35:30.523,2,232,14927122,,0
0,-,England,0,,2025-11-01 12:28:32.629,2025-11-01 12:35:18.523,2,232,97957575,2025-11-01 12:35:18.623,0
0,-,LA,0,,2025-11-01 12:29:01.324,2025-11-01 12:42:11.178,2,234,41761392,,0
0,-,Scotland,0,,2025-11-01 12:30:48.442,2025-11-01 14:05:06.140,2,232,5507287,2025-11-01 14:05:06.275,0
0,-,MH,0,,2025-11-01 12:31:00.330,2025-11-14 10:00:41.753,2,103,14320670,,0
0,-,England,0,,2025-11-01 12:31:08.089,2025-11-12 13:18:27.350,2,232,136616331,2025-11-01 13:43:00.747,0
0,-,England,0,,2025-11-01 12:31:58.699,2025-11-03 15:29:36.533,2,232,28999114,,0
0,,จ.ระยอง,0,,2025-11-01 12:33:06.318,2025-11-01 12:33:06.380,2,217,32757916,,0
0,-,England,0,,2025-11-01 12:33:11.471,2025-11-21 14:03:13.657,2,232,27108156,2025-11-05 15:08:06.160,0
0,-,Scotland,0,,2025-11-01 12:34:31.706,2025-11-01 12:41:24.635,2,232,45395350,,0
0,-,NJ,0,,2025-11-01 12:35:02.197,2025-11-21 21:10:03.788,2,234,28666022,2025-11-08 16:01:04.428,0
0,-,,0,,2025-11-01 12:35:31.224,2025-11-06 18:32:52.277,2,232,12062947,2025-11-06 18:32:46.446,0
0,-,VIC,0,-,2025-11-01 12:35:37.718,2025-11-24 00:07:38.155,2,14,760848,2025-11-24 00:04:40.177,0
0,-,Sindh,0,,2025-11-01 12:39:06.758,2025-11-06 06:45:46.692,2,166,49159800,,0
0,-,Abruzzo,0,,2025-11-01 12:39:34.977,2025-11-01 12:39:35.068,2,110,37659648,,0
0,-,SA,0,,2025-11-01 12:40:04.612,2025-11-01 12:53:25.385,2,14,8771411,2025-11-01 12:50:28.609,0
0,-,,0,,2025-11-01 12:40:46.741,2025-11-01 12:40:47.367,2,232,12815140,,0
0,,,0,-,2025-11-01 12:42:39.335,2025-11-01 12:42:39.398,2,65,4708416,,0
0,-,,0,,2025-11-01 12:44:07.183,2025-11-01 12:55:21.362,2,232,36185562,,0
0,-,,0,,2025-11-01 12:44:22.826,2025-11-20 08:56:40.097,2,232,12815140,,0
0,-,NSW,0,,2025-11-01 12:45:19.485,2025-11-20 11:52:47.481,2,14,23053315,2025-11-12 08:48:22.908,0
0,-,Sindh,0,,2025-11-01 12:46:09.677,2025-11-10 12:48:13.184,2,166,11513132,,0
0,-,Scotland,0,,2025-11-01 12:47:14.059,2025-11-13 22:19:24.182,2,232,26348350,,0
0,-,,0,,2025-11-01 12:47:25.610,2025-11-01 12:47:26.337,2,232,9806368,,0
0,-,England,0,,2025-11-01 12:50:03.163,2025-11-01 13:01:54.793,2,232,33914650,2025-11-01 13:01:52.854,0
0,-,RS,0,,2025-11-01 12:50:44.043,2025-11-03 12:47:09.696,2,31,26518666,,0
0,-,NY,0,,2025-11-01 12:50:58.822,2025-11-01 12:54:47.907,2,234,30462400,,0
0,-,NJ,0,,2025-11-01 12:52:13.462,2025-11-01 12:54:04.049,2,234,20625216,,0
0,-,SC,0,,2025-11-01 12:52:36.826,2025-11-13 14:34:51.204,2,234,8821176,,0
0,,Sindh,0,,2025-11-01 12:53:07.622,2025-11-01 13:03:49.942,2,166,19143930,,0
0,-,Scotland,0,,2025-11-01 12:53:15.018,2025-11-01 13:14:10.502,2,232,49669170,2025-11-01 13:14:07.411,0
0,-,,0,,2025-11-01 12:53:17.155,2025-11-10 15:53:23.312,2,232,8301982,2025-11-10 15:53:23.287,0
0,-,England,0,,2025-11-01 12:54:29.448,2025-11-01 13:14:03.111,2,232,28957050,2025-11-01 13:14:00.147,0
0,-,,0,,2025-11-01 12:55:26.858,2025-11-01 12:55:27.561,2,232,9806368,,0
0,-,BC,0,,2025-11-01 12:55:28.750,2025-11-16 22:41:27.461,2,41,41046345,2025-11-01 16:13:17.223,0
0,-,NJ,0,,2025-11-01 12:55:35.538,2025-11-13 14:10:39.766,2,234,36549096,,0
0,-,,0,,2025-11-01 12:57:39.530,2025-11-13 18:26:37.357,2,232,6797596,2025-11-13 18:13:24.640,0
0,-,,0,,2025-11-01 12:58:34.920,2025-11-01 13:12:04.891,2,232,12801278,,0
0,-,,0,,2025-11-01 12:58:52.892,2025-11-01 12:58:53.567,2,232,3788824,,0
0,,,0,-,2025-11-01 12:59:02.517,2025-11-01 12:59:02.568,2,65,2571216,,0
0,-,England,0,,2025-11-01 12:59:03.354,2025-11-01 12:59:03.414,2,232,22081265,,0
0,-,NJ,0,,2025-11-01 13:00:26.459,2025-11-01 13:03:08.678,2,234,45648456,,0
0,-,England,0,,2025-11-01 13:00:34.913,2025-11-16 19:53:00.516,2,232,23380773,2025-11-01 20:16:33.424,0
0,-,SA,0,,2025-11-01 13:02:09.911,2025-11-01 13:21:17.287,2,14,1160776,,0
0,-,England,0,,2025-11-01 13:04:58.191,2025-11-04 20:40:20.900,2,232,54972087,,0
0,-,PA,0,,2025-11-01 13:05:06.983,2025-11-01 13:09:37.363,2,234,36549096,,0
0,-,Sicilia,0,,2025-11-01 13:05:17.679,2025-11-01 13:07:57.114,3,110,32290206,,0
0,-,NC,0,,2025-11-01 13:06:00.638,2025-11-01 13:10:22.822,2,234,59825310,,0
0,,TN,0,,2025-11-01 13:06:25.650,2025-11-01 13:06:25.755,2,103,32093104,,0
0,-,,0,,2025-11-01 13:06:51.961,2025-11-06 14:06:44.552,2,232,3788824,2025-11-06 14:06:44.225,0
0,-,,0,,2025-11-01 13:07:20.114,2025-11-01 13:07:21.080,2,232,8301982,,0
0,-,,0,,2025-11-01 13:07:20.600,2025-11-01 13:07:21.380,2,232,6797596,,0
0,-,WI,0,,2025-11-01 13:08:03.747,2025-11-09 03:53:22.596,2,234,8925150,2025-11-01 16:21:46.105,0
0,,,0,-,2025-11-01 13:08:18.162,2025-11-01 13:08:18.225,2,65,2998656,,0
0,-,England,0,,2025-11-01 13:09:28.024,2025-11-01 14:27:50.316,2,232,10984380,,0
0,-,MD,0,,2025-11-01 13:09:56.860,2025-11-01 13:09:59.579,2,206,80709671,,0
0,-,CA,0,,2025-11-01 13:11:22.922,2025-11-01 13:11:23.204,2,234,6487167,,0
0,-,England,0,,2025-11-01 13:11:45.025,2025-11-01 13:11:45.086,2,232,18812764,,0
0,-,,0,,2025-11-01 13:12:47.067,2025-11-01 13:12:47.684,2,232,9054175,,0
0,-,England,0,,2025-11-01 13:13:44.892,2025-11-01 14:24:02.297,2,232,97957575,2025-11-01 14:24:02.406,0
0,-,England,0,,2025-11-01 13:14:31.607,2025-11-01 13:14:31.674,2,232,12776868,,0
0,-,NJ,0,,2025-11-01 13:16:52.269,2025-11-10 21:13:40.437,2,234,16075536,,0
0,-,MH,0,,2025-11-01 13:16:53.188,2025-11-01 13:34:16.065,2,107,131067102,2025-11-01 13:34:16.158,0
0,-,,0,,2025-11-01 13:17:41.115,2025-11-05 18:17:00.148,2,232,14927122,,0
0,-,NC,0,,2025-11-01 13:17:58.577,2025-11-01 16:05:17.746,2,234,631624,2025-11-01 16:05:18.207,0
0,-,Victoria,0,,2025-11-01 13:18:38.184,2025-11-01 13:18:39.020,2,14,283810,,0
0,-,GP,0,,2025-11-01 13:19:00.577,2025-11-03 19:47:55.863,2,204,4288302,2025-11-01 13:31:26.558,0
0,-,,0,,2025-11-01 13:19:22.583,2025-11-05 11:34:30.692,2,232,3788824,2025-11-05 11:34:30.663,0
0,-,CO,0,,2025-11-01 13:20:55.113,2025-11-01 13:39:17.139,2,234,8822325,2025-11-01 13:39:17.307,0
0,-,NC,0,,2025-11-01 13:21:35.710,2025-11-01 15:36:51.294,2,234,18930638,,0
0,-,England,0,,2025-11-01 13:22:31.079,2025-11-04 11:11:53.250,2,232,21566530,2025-11-03 12:21:48.762,0
0,-,,0,,2025-11-01 13:23:37.954,2025-11-01 13:23:38.566,2,232,12062947,,0
0,-,PA,0,,2025-11-01 13:24:50.377,2025-11-24 16:51:35.300,2,234,45648456,,0
0,-,England,0,-,2025-11-01 13:25:42.049,2025-11-01 13:25:42.184,2,232,28180680,,0
0,-,,0,,2025-11-01 13:26:13.051,2025-11-01 13:26:13.644,2,232,12062947,,0
0,-,,0,,2025-11-01 13:26:28.163,2025-11-01 13:26:28.784,2,232,12815140,,0
0,-,NC,0,,2025-11-01 13:27:00.284,2025-11-01 13:56:39.004,2,234,62971054,,0
0,-,,0,,2025-11-01 13:28:41.298,2025-11-01 13:34:50.214,2,232,34059718,,0
0,-,ACT,0,,2025-11-01 13:29:41.502,2025-11-16 23:53:33.914,2,14,1777969,2025-11-12 05:18:42.765,0
0,,Dubai,0,,2025-11-01 13:30:07.503,2025-11-01 15:08:07.281,2,231,5082888,,0
0,-,Sardegna,0,,2025-11-01 13:30:20.722,2025-11-01 13:32:23.834,2,110,107462394,,0
0,-,England,0,,2025-11-01 13:32:16.389,2025-11-01 13:40:28.678,2,232,107891928,2025-11-01 13:35:37.920,0
0,-,MD,0,,2025-11-01 13:33:34.047,2025-11-01 13:47:33.660,2,234,29724576,,0
0,-,VA,0,,2025-11-01 13:33:41.520,2025-11-01 13:33:41.585,2,234,28367870,,0
0,-,MD,0,,2025-11-01 13:34:37.009,2025-11-24 17:01:31.905,2,234,16075536,,0
0,-,CO,0,,2025-11-01 13:35:21.398,2025-11-01 13:35:26.025,2,,5191227,,0
0,-,ACT,0,,2025-11-01 13:35:26.291,2025-11-06 02:08:46.066,2,14,1585121,2025-11-06 02:07:58.614,0
0,-,VIC,0,,2025-11-01 13:35:28.460,2025-11-10 02:24:49.008,2,14,4112289,2025-11-10 02:19:39.800,0
0,-,England,0,,2025-11-01 13:35:45.608,2025-11-11 14:21:35.959,2,232,556410,2025-11-11 14:13:30.360,0
0,-,England,0,,2025-11-01 13:37:37.744,2025-11-01 13:37:37.816,2,232,25034308,,0
0,-,,0,,2025-11-01 13:38:12.659,2025-11-01 14:29:58.649,2,232,34059718,,0
0,,Sicílie,0,,2025-11-01 13:38:17.339,2025-11-01 14:04:32.931,2,110,13069672,,0
0,-,Lazio,0,,2025-11-01 13:38:25.571,2025-11-01 14:47:17.528,2,110,91354068,2025-11-01 14:47:17.614,0
0,-,NJ,0,,2025-11-01 13:39:47.845,2025-11-24 13:36:21.717,2,234,29724576,,0
0,-,Vlaanderen,0,,2025-11-01 13:39:58.126,2025-11-01 13:39:58.183,2,22,43687440,,0
0,-,SC,0,,2025-11-01 13:39:59.534,2025-11-01 15:39:48.262,2,234,46834396,,0
0,-,SP,0,,2025-11-01 13:40:19.466,2025-11-01 23:56:26.107,2,31,18414443,,0
0,-,PA,0,,2025-11-01 13:41:18.258,2025-11-01 13:43:59.445,2,234,27449736,,0
0,-,MD,0,,2025-11-01 13:43:13.135,2025-11-22 16:01:55.644,2,234,11525856,,0
0,-,PA,0,,2025-11-01 13:43:13.633,2025-11-18 15:42:47.787,2,234,20625216,,0
